pair id,benchmark,benchmark id,solver,solver id,configuration,configuration id,status,cpu time,wallclock time,memory usage,result
519930316,cnf_proj/10pipe_k.cnf.xz,13219654,ignore_gates_please,34856,ignore_gates.sh,568006,complete,184.711,186.455,740976.0,UNKNOWN
519930317,cnf_proj/13pipe_k.cnf.xz,13219688,ignore_gates_please,34856,ignore_gates.sh,568006,complete,535.795,537.206,2167772.0,UNKNOWN
519930318,cnf_proj/143.smt2.cnf.xz,13219805,ignore_gates_please,34856,ignore_gates.sh,568006,complete,12.681,10.5884,448644.0,SAT-INCORRECT
519930319,cnf_proj/14pipe_q0_k.cnf.xz,13219627,ignore_gates_please,34856,ignore_gates.sh,568006,complete,52.4069,43.5798,976480.0,SAT-INCORRECT
519930320,cnf_proj/20-100-frag12-0_sat.cnf.xz,13219641,ignore_gates_please,34856,ignore_gates.sh,568006,complete,1025.07,1024.84,554048.0,SAT-INCORRECT
519930321,cnf_proj/20-100-frag12-14_sat.cnf.xz,13219623,ignore_gates_please,34856,ignore_gates.sh,568006,complete,535.51,534.416,412800.0,SAT-INCORRECT
519930322,cnf_proj/20-100-frag12-32_sat.cnf.xz,13219699,ignore_gates_please,34856,ignore_gates.sh,568006,timeout (wallclock),4998.19,5000.03,2218940.0,SAT-INCORRECT
519930323,cnf_proj/20-100-frag12-53_sat.cnf.xz,13219465,ignore_gates_please,34856,ignore_gates.sh,568006,complete,898.446,898.042,541592.0,SAT-INCORRECT
519930324,cnf_proj/20-100-lambda100-14_sat.cnf.xz,13219734,ignore_gates_please,34856,ignore_gates.sh,568006,complete,190.739,190.592,243740.0,SAT-INCORRECT
519930325,cnf_proj/20-100-lambda100-14_unsat.cnf.xz,13219543,ignore_gates_please,34856,ignore_gates.sh,568006,complete,163.45,163.283,254060.0,UNSAT
519930326,cnf_proj/20-100-lambda100-47_unsat.cnf.xz,13219541,ignore_gates_please,34856,ignore_gates.sh,568006,complete,1112.63,1113.72,548652.0,UNSAT
519930327,cnf_proj/20-100-lambda100-49_sat.cnf.xz,13219852,ignore_gates_please,34856,ignore_gates.sh,568006,complete,214.274,214.105,257736.0,SAT-INCORRECT
519930328,cnf_proj/20-100-lambda100-65_sat.cnf.xz,13219843,ignore_gates_please,34856,ignore_gates.sh,568006,complete,211.219,210.95,243968.0,SAT-INCORRECT
519930329,cnf_proj/20-100-lambda100-89_sat.cnf.xz,13219463,ignore_gates_please,34856,ignore_gates.sh,568006,complete,1192.28,1192.97,580524.0,SAT-INCORRECT
519930330,cnf_proj/20-100-lambda100-89_unsat.cnf.xz,13219764,ignore_gates_please,34856,ignore_gates.sh,568006,complete,1095.02,1095.44,593792.0,UNSAT
519930331,cnf_proj/20-100-p100-55_sat.cnf.xz,13219493,ignore_gates_please,34856,ignore_gates.sh,568006,complete,2173.14,2171.83,490944.0,SAT-INCORRECT
519930332,cnf_proj/20-100-p100-55_unsat.cnf.xz,13219622,ignore_gates_please,34856,ignore_gates.sh,568006,timeout (cpu),5000.09,4999.78,742416.0,UNSAT
519930333,cnf_proj/2bitcomp_5.hg_20.cnf.xz,13219526,ignore_gates_please,34856,ignore_gates.sh,568006,timeout (wallclock),4999.45,5000.11,1665356.0,UNKNOWN
519930334,cnf_proj/51.smt2.cnf.xz,13219613,ignore_gates_please,34856,ignore_gates.sh,568006,complete,2.56246,2.09245,297096.0,SAT-INCORRECT
519930335,cnf_proj/73.smt2.cnf.xz,13219593,ignore_gates_please,34856,ignore_gates.sh,568006,complete,2.56758,2.1056,297608.0,SAT-INCORRECT
519930336,cnf_proj/79.smt2.cnf.xz,13219786,ignore_gates_please,34856,ignore_gates.sh,568006,complete,3.94391,3.25142,320776.0,SAT-INCORRECT
519930337,cnf_proj/9dlx_vliw_at_b_iq5.cnf.xz,13219739,ignore_gates_please,34856,ignore_gates.sh,568006,complete,18.4062,14.9344,519348.0,SAT-INCORRECT
519930338,cnf_proj/9dlx_vliw_at_b_iq8.cnf.xz,13219748,ignore_gates_please,34856,ignore_gates.sh,568006,complete,52.6214,42.606,971700.0,SAT-INCORRECT
519930339,cnf_proj/ACG-15-10p1.cnf.xz,13219820,ignore_gates_please,34856,ignore_gates.sh,568006,timeout (wallclock),4997.14,5000.04,1123704.0,UNKNOWN
519930340,cnf_proj/ak016modbtsimpbisc.cnf.xz,13219753,ignore_gates_please,34856,ignore_gates.sh,568006,complete,0.214593,0.169297,113292.0,SAT-INCORRECT
519930341,cnf_proj/ak032modbtmodbtisc.cnf.xz,13219597,ignore_gates_please,34856,ignore_gates.sh,568006,complete,0.617681,0.488594,113292.0,SAT-INCORRECT
519930342,cnf_proj/ak128paralparalisc.cnf.xz,13219842,ignore_gates_please,34856,ignore_gates.sh,568006,timeout (wallclock),4968.15,5000.04,1740304.0,UNKNOWN
519930343,cnf_proj/assoc_mult_err_3.c.cnf.xz,13219612,ignore_gates_please,34856,ignore_gates.sh,568006,complete,0.714734,0.536387,125516.0,SAT-INCORRECT
519930344,cnf_proj/at-least-two-aaai10-planning-ipc5-pathways-17-step20.cnf.xz,13219758,ignore_gates_please,34856,ignore_gates.sh,568006,timeout (wallclock),4996.1,5000.02,2558540.0,UNSAT
519930345,cnf_proj/at-least-two-aaai10-planning-ipc5-pipesworld-12-step15.cnf.xz,13219628,ignore_gates_please,34856,ignore_gates.sh,568006,complete,1984.59,1985.38,1551588.0,UNSAT
519930346,cnf_proj/at-least-two-hwmcc10-timeframe-expansion-k50-pdtviseisenberg2-tseitin.cnf.xz,13219752,ignore_gates_please,34856,ignore_gates.sh,568006,complete,13.8423,11.7962,460140.0,SAT-INCORRECT
519930347,cnf_proj/at-least-two-ibm-2004-23-k100.cnf.xz,13219667,ignore_gates_please,34856,ignore_gates.sh,568006,complete,27.0577,25.7406,669164.0,UNKNOWN
519930348,cnf_proj/at-least-two-maris-s03-gripper11.cnf.xz,13219486,ignore_gates_please,34856,ignore_gates.sh,568006,timeout (wallclock),4984.85,5000.02,511744.0,UNKNOWN
519930349,cnf_proj/at-least-two-smtlib-qfbv-aigs-ext_con_032_008_0256-tseitin.cnf.xz,13219850,ignore_gates_please,34856,ignore_gates.sh,568006,complete,2.86277,2.37711,303232.0,SAT-INCORRECT
519930350,cnf_proj/at-least-two-sokoban-sequential-p145-microban-sequential.030-NOTKNOWN.cnf.xz,13219638,ignore_gates_please,34856,ignore_gates.sh,568006,complete,1918.06,1919.98,1563920.0,UNSAT
519930351,cnf_proj/at-least-two-traffic_b_unsat.cnf.xz,13219668,ignore_gates_please,34856,ignore_gates.sh,568006,complete,8.36057,5.48336,517852.0,SAT-INCORRECT
519930352,cnf_proj/at-least-two-traffic_f_unknown.cnf.xz,13219496,ignore_gates_please,34856,ignore_gates.sh,568006,complete,9.11335,6.09523,520328.0,SAT-INCORRECT
519930353,cnf_proj/at-least-two-traffic_kkb_unknown.cnf.xz,13219647,ignore_gates_please,34856,ignore_gates.sh,568006,complete,8.79553,5.88722,520624.0,SAT-INCORRECT
519930354,cnf_proj/at-least-two-traffic_pcb_unknown.cnf.xz,13219801,ignore_gates_please,34856,ignore_gates.sh,568006,complete,9.19391,6.13776,520328.0,SAT-INCORRECT
519930355,cnf_proj/at-least-two-vmpc_26.cnf.xz,13219618,ignore_gates_please,34856,ignore_gates.sh,568006,complete,3272.24,3273.57,1521028.0,UNSAT
519930356,cnf_proj/at-least-two-vmpc_28.cnf.xz,13219703,ignore_gates_please,34856,ignore_gates.sh,568006,complete,705.404,705.623,472584.0,SAT-INCORRECT
519930357,cnf_proj/b04_s_unknown_pre.cnf.xz,13219657,ignore_gates_please,34856,ignore_gates.sh,568006,complete,61.5707,61.4149,339704.0,UNKNOWN
519930358,cnf_proj/b2005-p1-12x12c10h7-Ser3-0.cnf.xz,13219835,ignore_gates_please,34856,ignore_gates.sh,568006,timeout (wallclock),4984.86,5000.04,877088.0,UNKNOWN
519930359,cnf_proj/b2005-p1-12x12c10h7-Ser4-0.cnf.xz,13219800,ignore_gates_please,34856,ignore_gates.sh,568006,timeout (wallclock),4983.96,5000.06,839228.0,UNKNOWN
519930360,cnf_proj/b2005-p1-12x12c10h7-Ser5-0.cnf.xz,13219681,ignore_gates_please,34856,ignore_gates.sh,568006,timeout (wallclock),4989.6,5000.06,792200.0,UNKNOWN
519930361,cnf_proj/b2005-p1-14x14c17h9-Ser3-0.cnf.xz,13219527,ignore_gates_please,34856,ignore_gates.sh,568006,timeout (cpu),5000.05,4996.56,4210524.0,UNKNOWN
519930362,cnf_proj/b2005-p2-12x12c10h7-Ser7-0.cnf.xz,13219546,ignore_gates_please,34856,ignore_gates.sh,568006,timeout (wallclock),4994.2,5000.04,2110152.0,UNKNOWN
519930363,cnf_proj/b2005-p2-14x14c17h9-Ser5-0.cnf.xz,13219598,ignore_gates_please,34856,ignore_gates.sh,568006,timeout (cpu),5000.0,4997.8,3674408.0,UNKNOWN
519930364,cnf_proj/b2005-p2-14x14c17h9-Ser6-0.cnf.xz,13219726,ignore_gates_please,34856,ignore_gates.sh,568006,timeout (cpu),5000.03,4993.02,3691988.0,UNKNOWN
519930365,cnf_proj/b2005-p3-12x12c10h7-Ser7-0.cnf.xz,13219525,ignore_gates_please,34856,ignore_gates.sh,568006,timeout (wallclock),4997.69,5000.03,1843216.0,UNKNOWN
519930366,cnf_proj/b2005-p3-14x14c17h9-Ser3-0.cnf.xz,13219511,ignore_gates_please,34856,ignore_gates.sh,568006,timeout (wallclock),4999.31,5000.07,4018296.0,UNKNOWN
519930367,cnf_proj/b2005-p4-12x12c10h7-Ser3-0.cnf.xz,13219774,ignore_gates_please,34856,ignore_gates.sh,568006,timeout (wallclock),4989.98,5000.01,813116.0,UNKNOWN
519930368,cnf_proj/b2005-p4-14x14c17h9-Ser8-0.cnf.xz,13219781,ignore_gates_please,34856,ignore_gates.sh,568006,timeout (cpu),5000.06,4966.05,8010712.0,UNKNOWN
519930369,cnf_proj/b2005-p5-12x12c10h7-Ser5-0.cnf.xz,13219754,ignore_gates_please,34856,ignore_gates.sh,568006,timeout (wallclock),4984.33,5000.01,972596.0,UNKNOWN
519930370,cnf_proj/b2005-p5-14x14c17h9-Ser5-0.cnf.xz,13219648,ignore_gates_please,34856,ignore_gates.sh,568006,timeout (cpu),5000.09,4990.13,3927076.0,UNKNOWN
519930371,cnf_proj/barman-pfile10-039.sas.ex.15.cnf.xz,13219651,ignore_gates_please,34856,ignore_gates.sh,568006,complete,650.656,644.674,1429324.0,UNSAT
519930372,cnf_proj/barman-pfile10-040.sas.ex.15.cnf.xz,13219743,ignore_gates_please,34856,ignore_gates.sh,568006,complete,680.161,674.123,1178664.0,UNSAT
519930373,cnf_proj/battleship-12-12-unsat.cnf.xz,13219629,ignore_gates_please,34856,ignore_gates.sh,568006,complete,522.462,522.994,599936.0,UNSAT
519930374,cnf_proj/battleship-14-26-sat.cnf.xz,13219652,ignore_gates_please,34856,ignore_gates.sh,568006,complete,8.14969,8.13413,146192.0,SAT-INCORRECT
519930375,cnf_proj/blocks-blocks-36-0.180-SAT.cnf.xz,13219755,ignore_gates_please,34856,ignore_gates.sh,568006,timeout (wallclock),4981.76,5000.02,7511320.0,UNKNOWN
519930376,cnf_proj/blocks-blocks-37-1.120-NOTKNOWN.cnf.xz,13219573,ignore_gates_please,34856,ignore_gates.sh,568006,timeout (wallclock),4971.78,5000.01,1921436.0,UNKNOWN
519930377,cnf_proj/blocks-blocks-37-1.130-NOTKNOWN.cnf.xz,13219596,ignore_gates_please,34856,ignore_gates.sh,568006,timeout (wallclock),4986.24,5000.02,2165280.0,UNKNOWN
519930378,cnf_proj/bv-term-small-rw_1294.smt2.cnf.xz,13219847,ignore_gates_please,34856,ignore_gates.sh,568006,complete,0.28551,0.525788,113292.0,SAT-INCORRECT
519930379,cnf_proj/bv-term-small-rw_1492.smt2.cnf.xz,13219472,ignore_gates_please,34856,ignore_gates.sh,568006,complete,0.293944,0.232417,113292.0,SAT-INCORRECT
519930380,cnf_proj/bvsdiv_19.smt2.cnf.xz,13219675,ignore_gates_please,34856,ignore_gates.sh,568006,complete,0.748799,0.556842,113292.0,SAT-INCORRECT
519930381,cnf_proj/bvsmod_18.smt2.cnf.xz,13219635,ignore_gates_please,34856,ignore_gates.sh,568006,complete,0.729423,0.539676,113292.0,SAT-INCORRECT
519930382,cnf_proj/bvsmod_19.smt2.cnf.xz,13219724,ignore_gates_please,34856,ignore_gates.sh,568006,complete,1.31741,0.573212,113292.0,SAT-INCORRECT
519930383,cnf_proj/bvsub_08985.smt2.cnf.xz,13219470,ignore_gates_please,34856,ignore_gates.sh,568006,complete,7.85194,6.59471,380916.0,SAT-INCORRECT
519930384,cnf_proj/bvsub_12973.smt2.cnf.xz,13219655,ignore_gates_please,34856,ignore_gates.sh,568006,complete,11.5204,9.81145,428116.0,SAT-INCORRECT
519930385,cnf_proj/bvsub_19952.smt2.cnf.xz,13219521,ignore_gates_please,34856,ignore_gates.sh,568006,complete,17.6175,14.8635,563528.0,SAT-INCORRECT
519930386,cnf_proj/bvurem_20.smt2.cnf.xz,13219621,ignore_gates_please,34856,ignore_gates.sh,568006,complete,0.729355,0.53614,113292.0,SAT-INCORRECT
519930387,cnf_proj/Circuit_multiplier18.cnf.xz,13219645,ignore_gates_please,34856,ignore_gates.sh,568006,timeout (wallclock),4996.41,5000.02,316024.0,UNKNOWN
519930388,cnf_proj/Circuit_multiplier22.cnf.xz,13219626,ignore_gates_please,34856,ignore_gates.sh,568006,timeout (wallclock),4998.44,5000.02,880632.0,UNKNOWN
519930389,cnf_proj/Circuit_multiplier24.cnf.xz,13219454,ignore_gates_please,34856,ignore_gates.sh,568006,timeout (wallclock),4995.19,5000.06,295236.0,UNKNOWN
519930390,cnf_proj/Circuit_multiplier25.cnf.xz,13219803,ignore_gates_please,34856,ignore_gates.sh,568006,timeout (wallclock),4993.7,5000.06,279156.0,UNKNOWN
519930391,cnf_proj/Circuit_multiplier26.cnf.xz,13219504,ignore_gates_please,34856,ignore_gates.sh,568006,timeout (wallclock),4994.6,5000.02,300564.0,UNKNOWN
519930392,cnf_proj/Circuit_multiplier29.cnf.xz,13219469,ignore_gates_please,34856,ignore_gates.sh,568006,timeout (wallclock),4994.58,5000.02,312704.0,UNKNOWN
519930393,cnf_proj/Circuit_multiplier33.cnf.xz,13219783,ignore_gates_please,34856,ignore_gates.sh,568006,complete,288.835,289.079,244920.0,UNKNOWN
519930394,cnf_proj/Circuit_multiplier34.cnf.xz,13219599,ignore_gates_please,34856,ignore_gates.sh,568006,complete,4052.15,4054.08,687948.0,UNKNOWN
519930395,cnf_proj/Circuit_multiplier35.cnf.xz,13219750,ignore_gates_please,34856,ignore_gates.sh,568006,complete,798.099,798.912,411656.0,SAT-INCORRECT
519930396,cnf_proj/Circuit_multiplier36.cnf.xz,13219564,ignore_gates_please,34856,ignore_gates.sh,568006,timeout (wallclock),4988.96,5000.02,309044.0,UNKNOWN
519930397,cnf_proj/Circuit_multiplier37.cnf.xz,13219698,ignore_gates_please,34856,ignore_gates.sh,568006,complete,171.843,171.888,237436.0,UNKNOWN
519930398,cnf_proj/Circuit_multiplier45.cnf.xz,13219475,ignore_gates_please,34856,ignore_gates.sh,568006,timeout (wallclock),4998.24,5000.01,333180.0,UNKNOWN
519930399,cnf_proj/Circuit_multiplier53.cnf.xz,13219481,ignore_gates_please,34856,ignore_gates.sh,568006,timeout (wallclock),4996.85,5000.02,343892.0,UNKNOWN
519930400,cnf_proj/crafted_n10_d6_c4_num15.cnf.xz,13219662,ignore_gates_please,34856,ignore_gates.sh,568006,complete,449.811,444.326,1697932.0,UNSAT
519930401,cnf_proj/crafted_n10_d6_c4_num21.cnf.xz,13219602,ignore_gates_please,34856,ignore_gates.sh,568006,complete,424.164,418.777,1687140.0,UNSAT
519930402,cnf_proj/crafted_n11_d6_c4_num14.cnf.xz,13219733,ignore_gates_please,34856,ignore_gates.sh,568006,complete,1371.41,1368.7,1912060.0,UNSAT
519930403,cnf_proj/crafted_n12_d6_c3_num18.cnf.xz,13219821,ignore_gates_please,34856,ignore_gates.sh,568006,complete,291.752,287.788,1381216.0,UNSAT
519930404,cnf_proj/crafted_n12_d6_c3_num28.cnf.xz,13219565,ignore_gates_please,34856,ignore_gates.sh,568006,complete,529.55,524.887,1387648.0,UNSAT
519930405,cnf_proj/crafted_n12_d6_c4_num17.cnf.xz,13219816,ignore_gates_please,34856,ignore_gates.sh,568006,complete,385.322,377.238,2238120.0,UNSAT
519930406,cnf_proj/ctl_4201_555_unsat.cnf.xz,13219677,ignore_gates_please,34856,ignore_gates.sh,568006,complete,4831.9,4836.24,1371252.0,UNSAT
519930407,cnf_proj/ctl_4291_567_11_unsat.cnf.xz,13219722,ignore_gates_please,34856,ignore_gates.sh,568006,timeout (wallclock),4979.67,5000.01,275172.0,UNKNOWN
519930408,cnf_proj/ctl_4291_567_1_unsat.cnf.xz,13219678,ignore_gates_please,34856,ignore_gates.sh,568006,complete,4378.82,4382.64,1208924.0,UNSAT
519930409,cnf_proj/ctl_4291_567_6_unsat_pre.cnf.xz,13219588,ignore_gates_please,34856,ignore_gates.sh,568006,timeout (wallclock),4996.25,5000.08,300596.0,UNKNOWN
519930410,cnf_proj/ctl_4291_567_9_unsat.cnf.xz,13219809,ignore_gates_please,34856,ignore_gates.sh,568006,complete,1894.24,1894.56,774376.0,UNSAT
519930411,cnf_proj/dist10.c.cnf.xz,13219649,ignore_gates_please,34856,ignore_gates.sh,568006,complete,0.674522,0.507626,113292.0,SAT-INCORRECT
519930412,cnf_proj/dist4.c.cnf.xz,13219467,ignore_gates_please,34856,ignore_gates.sh,568006,complete,0.682481,0.513493,113292.0,SAT-INCORRECT
519930413,cnf_proj/E00X23.cnf.xz,13219836,ignore_gates_please,34856,ignore_gates.sh,568006,complete,11.6827,9.55239,661664.0,SAT-INCORRECT
519930414,cnf_proj/E02F17.cnf.xz,13219460,ignore_gates_please,34856,ignore_gates.sh,568006,complete,0.419415,0.300761,113292.0,SAT-INCORRECT
519930415,cnf_proj/ecarev-110-1031-23-40-8.cnf.xz,13219746,ignore_gates_please,34856,ignore_gates.sh,568006,complete,2.38324,1.68107,279444.0,SAT-INCORRECT
519930416,cnf_proj/ecarev-110-4099-22-30-4.cnf.xz,13219494,ignore_gates_please,34856,ignore_gates.sh,568006,complete,7.21627,5.18371,344236.0,SAT-INCORRECT
519930417,cnf_proj/edit_distance007_85.cnf.xz,13219826,ignore_gates_please,34856,ignore_gates.sh,568006,complete,3172.89,3175.63,1153524.0,UNSAT
519930418,cnf_proj/edit_distance019_312.cnf.xz,13219535,ignore_gates_please,34856,ignore_gates.sh,568006,timeout (wallclock),4989.51,5000.06,352736.0,UNKNOWN
519930419,cnf_proj/edit_distance023_281.cnf.xz,13219849,ignore_gates_please,34856,ignore_gates.sh,568006,complete,472.097,472.378,366068.0,SAT-INCORRECT
519930420,cnf_proj/edit_distance023_282.cnf.xz,13219453,ignore_gates_please,34856,ignore_gates.sh,568006,complete,576.632,576.95,380912.0,SAT-INCORRECT
519930421,cnf_proj/edit_distance023_283.cnf.xz,13219797,ignore_gates_please,34856,ignore_gates.sh,568006,complete,629.529,629.823,425184.0,SAT-INCORRECT
519930422,cnf_proj/edit_distance025_448.cnf.xz,13219478,ignore_gates_please,34856,ignore_gates.sh,568006,timeout (wallclock),4987.34,5000.06,404076.0,UNKNOWN
519930423,cnf_proj/edit_distance025_449.cnf.xz,13219757,ignore_gates_please,34856,ignore_gates.sh,568006,timeout (wallclock),4992.62,5000.02,453380.0,UNKNOWN
519930424,cnf_proj/edit_distance025_450.cnf.xz,13219810,ignore_gates_please,34856,ignore_gates.sh,568006,timeout (wallclock),4995.66,5000.07,2662512.0,SAT-INCORRECT
519930425,cnf_proj/edit_distance031_283.cnf.xz,13219574,ignore_gates_please,34856,ignore_gates.sh,568006,complete,4103.21,4109.16,1023836.0,UNSAT
519930426,cnf_proj/edit_distance031_284.cnf.xz,13219851,ignore_gates_please,34856,ignore_gates.sh,568006,timeout (wallclock),4994.24,5000.06,1441376.0,UNSAT
519930427,cnf_proj/edit_distance035_393.cnf.xz,13219827,ignore_gates_please,34856,ignore_gates.sh,568006,complete,3198.06,3200.67,960808.0,SAT-INCORRECT
519930428,cnf_proj/edit_distance041_182.cnf.xz,13219767,ignore_gates_please,34856,ignore_gates.sh,568006,complete,337.318,337.385,292580.0,UNSAT
519930429,cnf_proj/edit_distance041_183.cnf.xz,13219497,ignore_gates_please,34856,ignore_gates.sh,568006,complete,348.352,348.242,296888.0,UNSAT
519930430,cnf_proj/ER_500_40_2.apx_0.cnf.xz,13219770,ignore_gates_please,34856,ignore_gates.sh,568006,complete,0.667998,0.543966,113296.0,UNKNOWN
519930431,cnf_proj/erin2_0x0-379.cnf.xz,13219737,ignore_gates_please,34856,ignore_gates.sh,568006,complete,1613.56,1614.25,614244.0,UNKNOWN
519930432,cnf_proj/erin2_0x0_n207-379.cnf.xz,13219796,ignore_gates_please,34856,ignore_gates.sh,568006,timeout (wallclock),4991.46,5000.05,295820.0,UNKNOWN
519930433,cnf_proj/erin2_0x1e3-216.cnf.xz,13219498,ignore_gates_please,34856,ignore_gates.sh,568006,timeout (wallclock),4986.63,5000.02,3980828.0,UNKNOWN
519930434,cnf_proj/ex045_7.cnf.xz,13219513,ignore_gates_please,34856,ignore_gates.sh,568006,complete,896.308,887.015,2618440.0,SAT-INCORRECT
519930435,cnf_proj/ex065_25.cnf.xz,13219658,ignore_gates_please,34856,ignore_gates.sh,568006,timeout (wallclock),4987.73,5000.07,3856828.0,UNKNOWN
519930436,cnf_proj/ex095_8.cnf.xz,13219606,ignore_gates_please,34856,ignore_gates.sh,568006,timeout (cpu),5000.04,4993.63,2769080.0,UNSAT
519930437,cnf_proj/ex175_20.cnf.xz,13219508,ignore_gates_please,34856,ignore_gates.sh,568006,complete,2744.47,2734.19,3229432.0,SAT-INCORRECT
519930438,cnf_proj/HCP-424-60.cnf.xz,13219615,ignore_gates_please,34856,ignore_gates.sh,568006,complete,1747.72,1749.26,1375712.0,SAT-INCORRECT
519930439,cnf_proj/HCP-446-105.cnf.xz,13219707,ignore_gates_please,34856,ignore_gates.sh,568006,complete,4742.66,4747.0,3356656.0,UNKNOWN
519930440,cnf_proj/HCP-446-420.cnf.xz,13219631,ignore_gates_please,34856,ignore_gates.sh,568006,complete,4019.67,4025.84,2661816.0,UNKNOWN
519930441,cnf_proj/HCP-446-60.cnf.xz,13219718,ignore_gates_please,34856,ignore_gates.sh,568006,complete,2407.3,2409.09,1802324.0,SAT-INCORRECT
519930442,cnf_proj/HCP-470-105.cnf.xz,13219676,ignore_gates_please,34856,ignore_gates.sh,568006,complete,2985.85,2989.32,2035996.0,SAT-INCORRECT
519930443,cnf_proj/HCP-470-420.cnf.xz,13219592,ignore_gates_please,34856,ignore_gates.sh,568006,complete,2778.68,2780.46,2003412.0,SAT-INCORRECT
519930444,cnf_proj/HCP-470-60.cnf.xz,13219537,ignore_gates_please,34856,ignore_gates.sh,568006,timeout (wallclock),4991.14,5000.01,3225368.0,UNKNOWN
519930445,cnf_proj/HCP-506-60.cnf.xz,13219823,ignore_gates_please,34856,ignore_gates.sh,568006,complete,123.883,123.632,325128.0,UNKNOWN
519930446,cnf_proj/HCP-522-105.cnf.xz,13219558,ignore_gates_please,34856,ignore_gates.sh,568006,complete,456.907,458.109,653564.0,SAT-INCORRECT
519930447,cnf_proj/HCP-526-105.cnf.xz,13219792,ignore_gates_please,34856,ignore_gates.sh,568006,complete,412.382,414.229,591696.0,UNKNOWN
519930448,cnf_proj/HCP-526-420.cnf.xz,13219455,ignore_gates_please,34856,ignore_gates.sh,568006,complete,365.866,365.871,531940.0,SAT-INCORRECT
519930449,cnf_proj/HCP-529-420.cnf.xz,13219680,ignore_gates_please,34856,ignore_gates.sh,568006,complete,279.601,279.928,471516.0,SAT-INCORRECT
519930450,cnf_proj/HCP-529-60.cnf.xz,13219794,ignore_gates_please,34856,ignore_gates.sh,568006,complete,153.211,153.146,367036.0,UNKNOWN
519930451,cnf_proj/huck.col.11.cnf.xz,13219807,ignore_gates_please,34856,ignore_gates.sh,568006,complete,402.172,403.311,615084.0,UNSAT
519930452,cnf_proj/IBM_FV_2004_rule_batch_30_SAT_dat.k75.cnf.xz,13219550,ignore_gates_please,34856,ignore_gates.sh,568006,complete,5.99482,4.89873,347472.0,SAT-INCORRECT
519930453,cnf_proj/k2fix_gr_rcs_w8.shuffled.cnf.xz,13219484,ignore_gates_please,34856,ignore_gates.sh,568006,complete,8.08761,7.84036,175336.0,UNSAT
519930454,cnf_proj/Kakuro-easy-045-ext.xml.hg_4.cnf.xz,13219684,ignore_gates_please,34856,ignore_gates.sh,568006,timeout (wallclock),4996.73,5000.09,683080.0,UNKNOWN
519930455,cnf_proj/Kakuro-easy-051-ext.xml.hg_4.cnf.xz,13219679,ignore_gates_please,34856,ignore_gates.sh,568006,complete,2831.52,2829.26,1224500.0,UNSAT
519930456,cnf_proj/Kakuro-easy-089-ext.xml.hg_4.cnf.xz,13219483,ignore_gates_please,34856,ignore_gates.sh,568006,complete,449.063,449.817,2675976.0,UNKNOWN
519930457,cnf_proj/Kakuro-easy-104-ext.xml.hg_6.cnf.xz,13219825,ignore_gates_please,34856,ignore_gates.sh,568006,complete,213.589,221.109,3028624.0,UNKNOWN
519930458,cnf_proj/Kakuro-easy-112-ext.xml.hg_7.cnf.xz,13219775,ignore_gates_please,34856,ignore_gates.sh,568006,complete,503.921,508.02,3984392.0,UNKNOWN
519930459,cnf_proj/Kakuro-easy-115-ext.xml.hg_5.cnf.xz,13219812,ignore_gates_please,34856,ignore_gates.sh,568006,complete,298.027,303.247,4753580.0,UNKNOWN
519930460,cnf_proj/Kakuro-easy-118-ext.xml.hg_4.cnf.xz,13219633,ignore_gates_please,34856,ignore_gates.sh,568006,complete,484.175,488.654,3265416.0,UNKNOWN
519930461,cnf_proj/Kakuro-easy-127-ext.xml.hg_7.cnf.xz,13219837,ignore_gates_please,34856,ignore_gates.sh,568006,complete,1710.28,1714.68,4587088.0,UNKNOWN
519930462,cnf_proj/Kakuro-easy-132-ext.xml.hg_8.cnf.xz,13219653,ignore_gates_please,34856,ignore_gates.sh,568006,complete,4933.75,4944.31,4601016.0,UNKNOWN
519930463,cnf_proj/Kakuro-easy-142-ext.xml.hg_8.cnf.xz,13219466,ignore_gates_please,34856,ignore_gates.sh,568006,complete,4711.8,4723.04,3637784.0,UNKNOWN
519930464,cnf_proj/Kakuro-easy-150-ext.xml.hg_9.cnf.xz,13219646,ignore_gates_please,34856,ignore_gates.sh,568006,complete,1680.95,1689.77,4119192.0,UNKNOWN
519930465,cnf_proj/Kakuro-easy-156-ext.xml.hg_7.cnf.xz,13219549,ignore_gates_please,34856,ignore_gates.sh,568006,complete,529.541,532.803,3732124.0,UNKNOWN
519930466,cnf_proj/ktf_TF-1.tf_3_0.02_34.cnf.xz,13219740,ignore_gates_please,34856,ignore_gates.sh,568006,timeout (wallclock),4987.36,5000.02,378288.0,UNKNOWN
519930467,cnf_proj/ktf_TF-1.tf_4_0.06_101.cnf.xz,13219620,ignore_gates_please,34856,ignore_gates.sh,568006,complete,449.139,449.404,360280.0,SAT-INCORRECT
519930468,cnf_proj/ktf_TF-3.tf_2_0.02_24.cnf.xz,13219788,ignore_gates_please,34856,ignore_gates.sh,568006,timeout (wallclock),4984.24,5000.1,313220.0,UNKNOWN
519930469,cnf_proj/ktf_TF-3.tf_3_0.02_24.cnf.xz,13219536,ignore_gates_please,34856,ignore_gates.sh,568006,complete,416.379,416.503,331196.0,UNSAT
519930470,cnf_proj/ktf_TF-3.tf_4_0.04_48.cnf.xz,13219468,ignore_gates_please,34856,ignore_gates.sh,568006,timeout (wallclock),4988.29,5000.02,318224.0,UNKNOWN
519930471,cnf_proj/ktf_TF-4.tf_2_0.02_18.cnf.xz,13219709,ignore_gates_please,34856,ignore_gates.sh,568006,complete,142.05,142.277,266312.0,UNSAT
519930472,cnf_proj/ktf_TF-4.tf_4_0.04_35.cnf.xz,13219705,ignore_gates_please,34856,ignore_gates.sh,568006,complete,4959.09,4961.64,2011140.0,UNSAT
519930473,cnf_proj/ktf_TF-4.tf_4_0.06_52.cnf.xz,13219776,ignore_gates_please,34856,ignore_gates.sh,568006,timeout (wallclock),4986.83,5000.06,325276.0,UNKNOWN
519930474,cnf_proj/ktf_TF-6.tf_4_0.04_51.cnf.xz,13219765,ignore_gates_please,34856,ignore_gates.sh,568006,timeout (wallclock),4991.07,5000.05,347972.0,UNKNOWN
519930475,cnf_proj/ktf_TF-6.tf_4_0.06_77.cnf.xz,13219639,ignore_gates_please,34856,ignore_gates.sh,568006,complete,321.429,321.633,323748.0,SAT-INCORRECT
519930476,cnf_proj/ktf_TF-7.tf_3_0.06_113.cnf.xz,13219791,ignore_gates_please,34856,ignore_gates.sh,568006,complete,40.898,40.632,254908.0,SAT-INCORRECT
519930477,cnf_proj/ktf_TF-8.tf_4_0.02_37.cnf.xz,13219562,ignore_gates_please,34856,ignore_gates.sh,568006,timeout (wallclock),4991.91,5000.02,334908.0,UNKNOWN
519930478,cnf_proj/ktf_TF-8.tf_4_0.06_109.cnf.xz,13219600,ignore_gates_please,34856,ignore_gates.sh,568006,complete,44.0904,43.9139,177984.0,SAT-INCORRECT
519930479,cnf_proj/LABS_n041_goal003.cnf.xz,13219619,ignore_gates_please,34856,ignore_gates.sh,568006,complete,3.30591,3.17901,163992.0,SAT-INCORRECT
519930480,cnf_proj/LABS_n068_goal001.cnf.xz,13219522,ignore_gates_please,34856,ignore_gates.sh,568006,timeout (wallclock),4997.29,5000.04,777648.0,UNSAT
519930481,cnf_proj/LABS_n069_goal001.cnf.xz,13219779,ignore_gates_please,34856,ignore_gates.sh,568006,timeout (wallclock),4998.79,5000.02,764868.0,UNSAT
519930482,cnf_proj/LABS_n072_goal006.cnf.xz,13219538,ignore_gates_please,34856,ignore_gates.sh,568006,timeout (wallclock),4997.73,5000.02,973544.0,SAT-INCORRECT
519930483,cnf_proj/LABS_n089_goal008.cnf.xz,13219695,ignore_gates_please,34856,ignore_gates.sh,568006,timeout (wallclock),4999.43,5000.03,461124.0,UNKNOWN
519930484,cnf_proj/maximum_constrained_partition_14_bits_n200.cnf.xz,13219566,ignore_gates_please,34856,ignore_gates.sh,568006,complete,18.4585,18.231,274328.0,UNKNOWN
519930485,cnf_proj/maximum_constrained_partition_18_bits_n200.cnf.xz,13219738,ignore_gates_please,34856,ignore_gates.sh,568006,complete,1101.53,1103.12,754916.0,UNKNOWN
519930486,cnf_proj/maxor128.cnf.xz,13219583,ignore_gates_please,34856,ignore_gates.sh,568006,complete,6.46155,5.44517,352836.0,SAT-INCORRECT
519930487,cnf_proj/mp1-blockpuzzle_5x10_s5_free3.cnf.xz,13219650,ignore_gates_please,34856,ignore_gates.sh,568006,complete,0.593466,0.426353,113292.0,SAT-INCORRECT
519930488,cnf_proj/mp1-blockpuzzle_5x12_s6_free3.cnf.xz,13219531,ignore_gates_please,34856,ignore_gates.sh,568006,complete,0.958914,0.695657,139796.0,SAT-INCORRECT
519930489,cnf_proj/mp1-blockpuzzle_9x9_s1_free8.cnf.xz,13219545,ignore_gates_please,34856,ignore_gates.sh,568006,complete,2.59868,2.00619,358268.0,SAT-INCORRECT
519930490,cnf_proj/mp1-blockpuzzle_9x9_s5_free3.cnf.xz,13219617,ignore_gates_please,34856,ignore_gates.sh,568006,complete,2.21508,1.62045,356920.0,SAT-INCORRECT
519930491,cnf_proj/mp1-bsat201-707.cnf.xz,13219690,ignore_gates_please,34856,ignore_gates.sh,568006,complete,2530.32,2530.95,755584.0,UNSAT
519930492,cnf_proj/mp1-bsat210-739.cnf.xz,13219846,ignore_gates_please,34856,ignore_gates.sh,568006,timeout (wallclock),4999.0,5000.02,1673612.0,UNSAT
519930493,cnf_proj/mp1-klieber2017s-0300-034-t12.cnf.xz,13219488,ignore_gates_please,34856,ignore_gates.sh,568006,complete,0.655905,0.524066,113292.0,SAT-INCORRECT
519930494,cnf_proj/mp1-klieber2017s-0490-024-t12.cnf.xz,13219643,ignore_gates_please,34856,ignore_gates.sh,568006,complete,1.01704,1.10418,273692.0,SAT-INCORRECT
519930495,cnf_proj/mp1-klieber2017s-1000-023-eq.cnf.xz,13219634,ignore_gates_please,34856,ignore_gates.sh,568006,complete,0.230805,0.183734,113292.0,SAT-INCORRECT
519930496,cnf_proj/mp1-klieber2017s-1000-024-eq.cnf.xz,13219584,ignore_gates_please,34856,ignore_gates.sh,568006,complete,0.222754,0.178007,113292.0,SAT-INCORRECT
519930497,cnf_proj/mp1-klieber2017s-1200-022-eq.cnf.xz,13219501,ignore_gates_please,34856,ignore_gates.sh,568006,complete,0.263445,0.207217,113292.0,SAT-INCORRECT
519930498,cnf_proj/mp1-klieber2017s-2000-022-eq.cnf.xz,13219559,ignore_gates_please,34856,ignore_gates.sh,568006,complete,0.377637,0.29685,113292.0,SAT-INCORRECT
519930499,cnf_proj/mp1-Nb6T06.cnf.xz,13219473,ignore_gates_please,34856,ignore_gates.sh,568006,complete,49.9621,49.9759,210680.0,UNSAT
519930500,cnf_proj/mp1-Nb6T07.cnf.xz,13219772,ignore_gates_please,34856,ignore_gates.sh,568006,complete,2765.15,2767.47,1679352.0,UNSAT
519930501,cnf_proj/mp1-Nb7T44.cnf.xz,13219551,ignore_gates_please,34856,ignore_gates.sh,568006,complete,72.8991,72.6594,334516.0,SAT-INCORRECT
519930502,cnf_proj/mp1-Nb7T46.cnf.xz,13219479,ignore_gates_please,34856,ignore_gates.sh,568006,complete,87.2951,87.1575,363288.0,SAT-INCORRECT
519930503,cnf_proj/mp1-squ_ali_s10x10_c39_abio_SAT.cnf.xz,13219759,ignore_gates_please,34856,ignore_gates.sh,568006,complete,0.097556,0.0807601,113292.0,SAT-INCORRECT
519930504,cnf_proj/mp1-squ_any_s09x07_c27_abix_UNS.cnf.xz,13219787,ignore_gates_please,34856,ignore_gates.sh,568006,complete,0.069839,0.0575329,113292.0,SAT-INCORRECT
519930505,cnf_proj/mp1-tri_ali_s11_c35_abix_UNS.cnf.xz,13219533,ignore_gates_please,34856,ignore_gates.sh,568006,complete,0.073196,0.060508,113292.0,SAT-INCORRECT
519930506,cnf_proj/mp1-tri_ali_s11_c35_bail_UNS.cnf.xz,13219790,ignore_gates_please,34856,ignore_gates.sh,568006,complete,270.788,271.167,319544.0,UNSAT
519930507,cnf_proj/MVD_ADS_S10_5_6.cnf.xz,13219457,ignore_gates_please,34856,ignore_gates.sh,568006,complete,3.46695,3.11296,291184.0,UNSAT
519930508,cnf_proj/MVD_ADS_S10_6_6.cnf.xz,13219830,ignore_gates_please,34856,ignore_gates.sh,568006,complete,21.157,20.8145,331756.0,UNSAT
519930509,cnf_proj/MVD_ADS_S11_6_7.cnf.xz,13219762,ignore_gates_please,34856,ignore_gates.sh,568006,complete,3.1994,2.81384,369968.0,SAT-INCORRECT
519930510,cnf_proj/MVD_ADS_S11_7_7.cnf.xz,13219689,ignore_gates_please,34856,ignore_gates.sh,568006,complete,4.01293,3.56911,370108.0,SAT-INCORRECT
519930511,cnf_proj/MVD_ADS_S11_8_7.cnf.xz,13219687,ignore_gates_please,34856,ignore_gates.sh,568006,complete,2.95563,2.5659,402872.0,SAT-INCORRECT
519930512,cnf_proj/MVD_ADS_S1_5_5.cnf.xz,13219844,ignore_gates_please,34856,ignore_gates.sh,568006,complete,6.75862,6.10576,397136.0,UNSAT
519930513,cnf_proj/MVD_ADS_S3_5_5.cnf.xz,13219735,ignore_gates_please,34856,ignore_gates.sh,568006,complete,5.34217,4.67706,396984.0,UNSAT
519930514,cnf_proj/MVD_ADS_S4_5_5.cnf.xz,13219659,ignore_gates_please,34856,ignore_gates.sh,568006,complete,16.3375,15.7323,397316.0,UNSAT
519930515,cnf_proj/MVD_ADS_S5_6_6.cnf.xz,13219611,ignore_gates_please,34856,ignore_gates.sh,568006,complete,40.5924,40.04,402264.0,UNSAT
519930516,cnf_proj/MVD_ADS_S6_6_5.cnf.xz,13219547,ignore_gates_please,34856,ignore_gates.sh,568006,complete,1.40851,1.20516,173424.0,UNSAT
519930517,cnf_proj/MVD_ADS_S6_6_6.cnf.xz,13219756,ignore_gates_please,34856,ignore_gates.sh,568006,complete,5.55612,5.01688,402616.0,UNSAT
519930518,cnf_proj/MVD_ADS_S7_6_6.cnf.xz,13219520,ignore_gates_please,34856,ignore_gates.sh,568006,complete,6.26893,5.63148,402612.0,UNSAT
519930519,cnf_proj/MVD_ADS_S9_6_6.cnf.xz,13219570,ignore_gates_please,34856,ignore_gates.sh,568006,complete,5.1282,4.52059,403120.0,UNSAT
519930520,cnf_proj/Mycielski-10-hints-10.cnf.xz,13219731,ignore_gates_please,34856,ignore_gates.sh,568006,complete,276.645,276.112,399112.0,UNSAT
519930521,cnf_proj/Mycielski-10-hints-5.cnf.xz,13219741,ignore_gates_please,34856,ignore_gates.sh,568006,timeout (wallclock),4994.06,5000.01,395916.0,UNKNOWN
519930522,cnf_proj/Mycielski-10-hints-6.cnf.xz,13219582,ignore_gates_please,34856,ignore_gates.sh,568006,timeout (wallclock),4992.4,5000.02,351584.0,UNKNOWN
519930523,cnf_proj/Mycielski-10-hints-7.cnf.xz,13219685,ignore_gates_please,34856,ignore_gates.sh,568006,timeout (wallclock),4992.68,5000.06,353720.0,UNKNOWN
519930524,cnf_proj/Mycielski-10-hints-8.cnf.xz,13219747,ignore_gates_please,34856,ignore_gates.sh,568006,timeout (wallclock),4992.77,5000.09,357272.0,UNKNOWN
519930525,cnf_proj/Mycielski-10-hints-9.cnf.xz,13219604,ignore_gates_please,34856,ignore_gates.sh,568006,timeout (wallclock),4991.66,5000.11,359020.0,UNKNOWN
519930526,cnf_proj/Mycielski-11-hints-1.cnf.xz,13219489,ignore_gates_please,34856,ignore_gates.sh,568006,complete,3131.04,3132.04,1675768.0,UNSAT
519930527,cnf_proj/Mycielski-11-hints-2.cnf.xz,13219808,ignore_gates_please,34856,ignore_gates.sh,568006,complete,2916.17,2916.03,1643260.0,UNSAT
519930528,cnf_proj/Mycielski-11-hints-3.cnf.xz,13219544,ignore_gates_please,34856,ignore_gates.sh,568006,complete,2770.52,2770.33,1595704.0,UNSAT
519930529,cnf_proj/Mycielski-11-hints-4.cnf.xz,13219673,ignore_gates_please,34856,ignore_gates.sh,568006,complete,2285.94,2285.65,1481788.0,UNSAT
519930530,cnf_proj/n320p5q2_n.apx_16.cnf.xz,13219495,ignore_gates_please,34856,ignore_gates.sh,568006,complete,0.425291,0.538942,113292.0,SAT-INCORRECT
519930531,cnf_proj/n320p5q2_n.apx_17.cnf.xz,13219760,ignore_gates_please,34856,ignore_gates.sh,568006,complete,0.425341,0.626108,132764.0,SAT-INCORRECT
519930532,cnf_proj/Nb51T6.cnf.xz,13219838,ignore_gates_please,34856,ignore_gates.sh,568006,complete,3699.8,3684.52,3355504.0,UNSAT
519930533,cnf_proj/ndhf_xits_09_UNSAT.cnf.xz,13219833,ignore_gates_please,34856,ignore_gates.sh,568006,complete,0.568242,0.42989,113292.0,SAT-INCORRECT
519930534,cnf_proj/p01_lb_05.cnf.xz,13219487,ignore_gates_please,34856,ignore_gates.sh,568006,timeout (wallclock),4981.48,5000.1,380504.0,UNKNOWN
519930535,cnf_proj/pb_300_05_lb_16.cnf.xz,13219462,ignore_gates_please,34856,ignore_gates.sh,568006,timeout (wallclock),4986.45,5000.1,588996.0,UNKNOWN
519930536,cnf_proj/pb_300_05_lb_17.cnf.xz,13219784,ignore_gates_please,34856,ignore_gates.sh,568006,timeout (wallclock),4990.08,5000.04,2689780.0,UNKNOWN
519930537,cnf_proj/pb_300_06_lb_02.cnf.xz,13219532,ignore_gates_please,34856,ignore_gates.sh,568006,timeout (wallclock),4985.8,5000.06,3329612.0,UNKNOWN
519930538,cnf_proj/pb_300_10_lb_06.cnf.xz,13219720,ignore_gates_please,34856,ignore_gates.sh,568006,timeout (wallclock),4969.86,5000.09,682888.0,UNKNOWN
519930539,cnf_proj/php12e12.cnf.xz,13219780,ignore_gates_please,34856,ignore_gates.sh,568006,timeout (wallclock),4983.76,5000.01,313084.0,UNKNOWN
519930540,cnf_proj/php14e14.cnf.xz,13219683,ignore_gates_please,34856,ignore_gates.sh,568006,timeout (wallclock),4978.95,5000.02,362724.0,UNKNOWN
519930541,cnf_proj/prime_a20_b20.cnf.xz,13219828,ignore_gates_please,34856,ignore_gates.sh,568006,complete,352.122,352.252,282528.0,UNKNOWN
519930542,cnf_proj/prime_a22_b22.cnf.xz,13219696,ignore_gates_please,34856,ignore_gates.sh,568006,complete,426.581,426.763,293160.0,UNKNOWN
519930543,cnf_proj/prime_a24_b24.cnf.xz,13219515,ignore_gates_please,34856,ignore_gates.sh,568006,timeout (wallclock),4992.55,5000.07,1849232.0,SAT-INCORRECT
519930544,cnf_proj/problem_12.smt2.cnf.xz,13219575,ignore_gates_please,34856,ignore_gates.sh,568006,complete,230.351,230.816,277784.0,SAT-INCORRECT
519930545,cnf_proj/puzzle30_sat.cnf.xz,13219670,ignore_gates_please,34856,ignore_gates.sh,568006,complete,0.963181,1.01147,271084.0,SAT-INCORRECT
519930546,cnf_proj/puzzle34_sat.cnf.xz,13219491,ignore_gates_please,34856,ignore_gates.sh,568006,complete,1.0757,0.847391,274400.0,SAT-INCORRECT
519930547,cnf_proj/puzzle34_unsat.cnf.xz,13219510,ignore_gates_please,34856,ignore_gates.sh,568006,complete,1.01762,0.797439,274020.0,SAT-INCORRECT
519930548,cnf_proj/puzzle35_sat.cnf.xz,13219829,ignore_gates_please,34856,ignore_gates.sh,568006,complete,1.12244,1.13098,274596.0,SAT-INCORRECT
519930549,cnf_proj/puzzle35_unsat.cnf.xz,13219507,ignore_gates_please,34856,ignore_gates.sh,568006,complete,1.04888,1.05664,274096.0,SAT-INCORRECT
519930550,cnf_proj/puzzle36_sat.cnf.xz,13219591,ignore_gates_please,34856,ignore_gates.sh,568006,complete,1.14054,1.09688,274772.0,SAT-INCORRECT
519930551,cnf_proj/puzzle37_unsat.cnf.xz,13219548,ignore_gates_please,34856,ignore_gates.sh,568006,complete,1.12238,0.883527,274340.0,SAT-INCORRECT
519930552,cnf_proj/puzzle39_sat.cnf.xz,13219799,ignore_gates_please,34856,ignore_gates.sh,568006,complete,1.24155,1.28538,275356.0,SAT-INCORRECT
519930553,cnf_proj/puzzle42_sat.cnf.xz,13219608,ignore_gates_please,34856,ignore_gates.sh,568006,complete,1.32236,1.25873,276040.0,SAT-INCORRECT
519930554,cnf_proj/puzzle44_unsat.cnf.xz,13219577,ignore_gates_please,34856,ignore_gates.sh,568006,complete,1.33437,1.31325,276040.0,SAT-INCORRECT
519930555,cnf_proj/puzzle47_sat.cnf.xz,13219490,ignore_gates_please,34856,ignore_gates.sh,568006,complete,1.49266,1.38235,281352.0,SAT-INCORRECT
519930556,cnf_proj/puzzle51_unsat.cnf.xz,13219665,ignore_gates_please,34856,ignore_gates.sh,568006,complete,1.57718,1.4505,282340.0,SAT-INCORRECT
519930557,cnf_proj/puzzle60_sat.cnf.xz,13219458,ignore_gates_please,34856,ignore_gates.sh,568006,complete,1.87842,1.68967,288888.0,SAT-INCORRECT
519930558,cnf_proj/quad_res_r21_m22.cnf.xz,13219701,ignore_gates_please,34856,ignore_gates.sh,568006,complete,0.173781,0.398662,113292.0,SAT-INCORRECT
519930559,cnf_proj/quad_res_r26_m27.cnf.xz,13219539,ignore_gates_please,34856,ignore_gates.sh,568006,complete,0.245526,0.448559,113292.0,SAT-INCORRECT
519930560,cnf_proj/quad_res_r28_m29.cnf.xz,13219721,ignore_gates_please,34856,ignore_gates.sh,568006,complete,0.238788,0.183665,113292.0,SAT-INCORRECT
519930561,cnf_proj/quad_res_r29_m32.cnf.xz,13219555,ignore_gates_please,34856,ignore_gates.sh,568006,complete,0.332153,0.258454,113292.0,SAT-INCORRECT
519930562,cnf_proj/quad_res_r31_m35.cnf.xz,13219686,ignore_gates_please,34856,ignore_gates.sh,568006,complete,0.371317,0.522345,122284.0,SAT-INCORRECT
519930563,cnf_proj/quad_res_r32_m35.cnf.xz,13219528,ignore_gates_please,34856,ignore_gates.sh,568006,complete,0.371301,0.539352,113292.0,SAT-INCORRECT
519930564,cnf_proj/quad_res_r33_m36.cnf.xz,13219502,ignore_gates_please,34856,ignore_gates.sh,568006,complete,0.414278,0.583815,251484.0,SAT-INCORRECT
519930565,cnf_proj/quad_res_r34_m36.cnf.xz,13219471,ignore_gates_please,34856,ignore_gates.sh,568006,complete,0.394744,0.542612,113292.0,SAT-INCORRECT
519930566,cnf_proj/quad_res_r35_m36.cnf.xz,13219848,ignore_gates_please,34856,ignore_gates.sh,568006,complete,0.420622,0.554264,113292.0,SAT-INCORRECT
519930567,cnf_proj/quad_res_r37_m39.cnf.xz,13219694,ignore_gates_please,34856,ignore_gates.sh,568006,complete,0.46405,0.354106,113292.0,SAT-INCORRECT
519930568,cnf_proj/randomG-B-Mix-n15-d05.cnf.xz,13219456,ignore_gates_please,34856,ignore_gates.sh,568006,complete,465.281,466.747,699588.0,UNSAT
519930569,cnf_proj/randomG-B-Mix-n16-d05.cnf.xz,13219704,ignore_gates_please,34856,ignore_gates.sh,568006,timeout (wallclock),4985.59,5000.01,9092464.0,UNSAT
519930570,cnf_proj/randomG-B-Mix-n18-d05.cnf.xz,13219771,ignore_gates_please,34856,ignore_gates.sh,568006,timeout (wallclock),4983.45,5000.02,318092.0,UNKNOWN
519930571,cnf_proj/randomG-B-Mix-n19-d05.cnf.xz,13219516,ignore_gates_please,34856,ignore_gates.sh,568006,timeout (wallclock),4981.57,5000.09,305112.0,UNKNOWN
519930572,cnf_proj/randomG-Mix-n17-d05.cnf.xz,13219749,ignore_gates_please,34856,ignore_gates.sh,568006,timeout (wallclock),4987.19,5000.02,285116.0,UNKNOWN
519930573,cnf_proj/randomG-Mix-n18-d05.cnf.xz,13219529,ignore_gates_please,34856,ignore_gates.sh,568006,timeout (wallclock),4987.16,5000.02,256960.0,UNKNOWN
519930574,cnf_proj/randomG-n16-d05.cnf.xz,13219630,ignore_gates_please,34856,ignore_gates.sh,568006,timeout (wallclock),4989.52,5000.01,7244340.0,UNSAT
519930575,cnf_proj/randomG-n17-d05.cnf.xz,13219697,ignore_gates_please,34856,ignore_gates.sh,568006,timeout (wallclock),4987.08,5000.01,273120.0,UNKNOWN
519930576,cnf_proj/randomG-n18-d05.cnf.xz,13219477,ignore_gates_please,34856,ignore_gates.sh,568006,timeout (wallclock),4989.25,5000.11,325684.0,UNKNOWN
519930577,cnf_proj/randomG-n19-d05.cnf.xz,13219845,ignore_gates_please,34856,ignore_gates.sh,568006,timeout (wallclock),4985.43,5000.02,316884.0,UNKNOWN
519930578,cnf_proj/randomG-n20-d05.cnf.xz,13219594,ignore_gates_please,34856,ignore_gates.sh,568006,timeout (wallclock),4982.68,5000.02,306004.0,UNKNOWN
519930579,cnf_proj/rphp4_065_shuffled.cnf.xz,13219840,ignore_gates_please,34856,ignore_gates.sh,568006,complete,636.78,638.02,1066856.0,UNSAT
519930580,cnf_proj/rphp4_080_shuffled.cnf.xz,13219751,ignore_gates_please,34856,ignore_gates.sh,568006,complete,2515.36,2519.48,2760868.0,UNSAT
519930581,cnf_proj/rphp4_090_shuffled.cnf.xz,13219723,ignore_gates_please,34856,ignore_gates.sh,568006,complete,3746.54,3751.0,3781752.0,UNSAT
519930582,cnf_proj/rpoc_xits_10_UNKNOWN.cnf.xz,13219637,ignore_gates_please,34856,ignore_gates.sh,568006,complete,0.361571,0.544564,113292.0,SAT-INCORRECT
519930583,cnf_proj/satch2ways12u.cnf.xz,13219666,ignore_gates_please,34856,ignore_gates.sh,568006,timeout (wallclock),4991.33,5000.02,3008864.0,UNKNOWN
519930584,cnf_proj/satch2ways12wu.cnf.xz,13219777,ignore_gates_please,34856,ignore_gates.sh,568006,timeout (wallclock),4984.28,5000.06,2992264.0,UNKNOWN
519930585,cnf_proj/satch2ways13wu.cnf.xz,13219702,ignore_gates_please,34856,ignore_gates.sh,568006,timeout (wallclock),4989.58,5000.04,3394396.0,UNKNOWN
519930586,cnf_proj/satch2ways14u.cnf.xz,13219581,ignore_gates_please,34856,ignore_gates.sh,568006,timeout (wallclock),4992.7,5000.04,3745876.0,UNKNOWN
519930587,cnf_proj/satch2ways15.cnf.xz,13219585,ignore_gates_please,34856,ignore_gates.sh,568006,timeout (wallclock),4976.52,5000.07,1.1504032E7,UNKNOWN
519930588,cnf_proj/satch2ways15u.cnf.xz,13219514,ignore_gates_please,34856,ignore_gates.sh,568006,timeout (wallclock),4990.06,5000.02,4090868.0,UNKNOWN
519930589,cnf_proj/satch2ways15wu.cnf.xz,13219815,ignore_gates_please,34856,ignore_gates.sh,568006,timeout (wallclock),4989.77,5000.02,4083340.0,UNKNOWN
519930590,cnf_proj/satch2ways16.cnf.xz,13219728,ignore_gates_please,34856,ignore_gates.sh,568006,timeout (wallclock),4976.4,5000.02,1.229804E7,UNKNOWN
519930591,cnf_proj/satch2ways16w.cnf.xz,13219708,ignore_gates_please,34856,ignore_gates.sh,568006,timeout (wallclock),4976.49,5000.04,1.241862E7,UNKNOWN
519930592,cnf_proj/satch2ways17w.cnf.xz,13219766,ignore_gates_please,34856,ignore_gates.sh,568006,timeout (wallclock),4972.25,5000.02,1.1783556E7,UNKNOWN
519930593,cnf_proj/satch2ways18u.cnf.xz,13219572,ignore_gates_please,34856,ignore_gates.sh,568006,timeout (wallclock),4987.92,5000.04,5108016.0,UNKNOWN
519930594,cnf_proj/satch2ways18wu.cnf.xz,13219556,ignore_gates_please,34856,ignore_gates.sh,568006,timeout (wallclock),4983.34,5000.04,5147072.0,UNKNOWN
519930595,cnf_proj/satch2ways19u.cnf.xz,13219523,ignore_gates_please,34856,ignore_gates.sh,568006,timeout (wallclock),4983.91,5000.05,5480524.0,UNKNOWN
519930596,cnf_proj/SC21_Timetable_C_121_E_34_Cl_8_S_4.cnf.xz,13219561,ignore_gates_please,34856,ignore_gates.sh,568006,timeout (wallclock),4947.82,5000.11,935712.0,UNKNOWN
519930597,cnf_proj/SC21_Timetable_C_136_E_36_Cl_9_S_15.cnf.xz,13219778,ignore_gates_please,34856,ignore_gates.sh,568006,timeout (wallclock),4978.75,5000.09,472156.0,UNKNOWN
519930598,cnf_proj/SC21_Timetable_C_136_E_41_Cl_9_S_15.cnf.xz,13219789,ignore_gates_please,34856,ignore_gates.sh,568006,timeout (wallclock),4975.67,5000.01,546928.0,UNKNOWN
519930599,cnf_proj/SC21_Timetable_C_140_E_29_Cl_10_S_15.cnf.xz,13219656,ignore_gates_please,34856,ignore_gates.sh,568006,timeout (wallclock),4977.2,5000.11,487392.0,UNKNOWN
519930600,cnf_proj/SC21_Timetable_C_140_E_32_Cl_30_S_10.cnf.xz,13219824,ignore_gates_please,34856,ignore_gates.sh,568006,timeout (wallclock),4981.32,5000.02,422920.0,UNKNOWN
519930601,cnf_proj/SC21_Timetable_C_181_E_34_Cl_12_S_4.cnf.xz,13219691,ignore_gates_please,34856,ignore_gates.sh,568006,timeout (wallclock),4955.27,5000.02,950840.0,UNKNOWN
519930602,cnf_proj/SC21_Timetable_C_181_E_34_Cl_12_S_8.cnf.xz,13219563,ignore_gates_please,34856,ignore_gates.sh,568006,timeout (wallclock),4941.64,5000.02,1736308.0,UNKNOWN
519930603,cnf_proj/SC21_Timetable_C_241_E_34_Cl_16_S_13.cnf.xz,13219605,ignore_gates_please,34856,ignore_gates.sh,568006,timeout (wallclock),4935.5,5000.02,1471528.0,UNKNOWN
519930604,cnf_proj/SC21_Timetable_C_466_E_62_Cl_31_S_30.cnf.xz,13219834,ignore_gates_please,34856,ignore_gates.sh,568006,complete,231.161,232.919,736392.0,UNKNOWN
519930605,cnf_proj/SC21_Timetable_C_512_E_66_Cl_34_S_35.cnf.xz,13219795,ignore_gates_please,34856,ignore_gates.sh,568006,timeout (wallclock),4984.07,5000.02,993680.0,UNKNOWN
519930606,cnf_proj/SC21_Timetable_C_527_E_71_Cl_35_S_35.cnf.xz,13219506,ignore_gates_please,34856,ignore_gates.sh,568006,complete,377.932,380.214,922836.0,UNKNOWN
519930607,cnf_proj/SC21_Timetable_C_542_E_71_Cl_36_S_35.cnf.xz,13219798,ignore_gates_please,34856,ignore_gates.sh,568006,complete,1150.12,1154.4,2017852.0,UNKNOWN
519930608,cnf_proj/SC21_Timetable_C_557_E_73_Cl_37_S_35.cnf.xz,13219813,ignore_gates_please,34856,ignore_gates.sh,568006,complete,1141.54,1145.6,1685476.0,UNKNOWN
519930609,cnf_proj/scc_1213_40_10_3.apx_0.cnf.xz,13219664,ignore_gates_please,34856,ignore_gates.sh,568006,complete,8.02762,7.29111,344784.0,SAT-INCORRECT
519930610,cnf_proj/SE_PR_stb_531_83.apx_1.cnf.xz,13219763,ignore_gates_please,34856,ignore_gates.sh,568006,complete,255.765,257.37,297988.0,UNKNOWN
519930611,cnf_proj/SE_PR_stb_588_138.apx_1.cnf.xz,13219554,ignore_gates_please,34856,ignore_gates.sh,568006,complete,688.526,690.062,444508.0,SAT-INCORRECT
519930612,cnf_proj/SE_PR_WS_500_16_70_10.apx_0.cnf.xz,13219552,ignore_gates_please,34856,ignore_gates.sh,568006,timeout (wallclock),4988.93,5000.06,2973244.0,UNKNOWN
519930613,cnf_proj/shift1add.26949.cnf.xz,13219706,ignore_gates_please,34856,ignore_gates.sh,568006,complete,149.661,148.393,565824.0,UNSAT
519930614,cnf_proj/size_5_5_5_i003_r12.cnf.xz,13219682,ignore_gates_please,34856,ignore_gates.sh,568006,timeout (wallclock),4981.79,5000.1,339860.0,UNKNOWN
519930615,cnf_proj/size_5_5_5_i223_r12.cnf.xz,13219716,ignore_gates_please,34856,ignore_gates.sh,568006,complete,4977.64,4985.01,3037932.0,UNKNOWN
519930616,cnf_proj/size_5_5_5_i251_r12.cnf.xz,13219578,ignore_gates_please,34856,ignore_gates.sh,568006,timeout (wallclock),4986.34,5000.02,286368.0,UNKNOWN
519930617,cnf_proj/snw_13_8_pre-sc2016.cnf.xz,13219500,ignore_gates_please,34856,ignore_gates.sh,568006,timeout (wallclock),4996.78,5000.03,690784.0,UNSAT
519930618,cnf_proj/snw_13_8_pre.cnf.xz,13219579,ignore_gates_please,34856,ignore_gates.sh,568006,timeout (wallclock),4995.92,5000.02,807252.0,UNSAT
519930619,cnf_proj/snw_13_9_pre.cnf.xz,13219712,ignore_gates_please,34856,ignore_gates.sh,568006,complete,69.2127,68.3959,331828.0,SAT-INCORRECT
519930620,cnf_proj/snw_16_9_Encpre.cnf.xz,13219802,ignore_gates_please,34856,ignore_gates.sh,568006,complete,364.704,365.155,518152.0,UNKNOWN
519930621,cnf_proj/sokoban-p16.sas.ex.19-sc2016.cnf.xz,13219663,ignore_gates_please,34856,ignore_gates.sh,568006,timeout (wallclock),4971.21,5000.12,2135308.0,UNKNOWN
519930622,cnf_proj/sokoban-p20.sas.cr.21.cnf.xz,13219519,ignore_gates_please,34856,ignore_gates.sh,568006,complete,23.2445,22.959,294804.0,SAT-INCORRECT
519930623,cnf_proj/sokoban-p20.sas.cr.27.cnf.xz,13219560,ignore_gates_please,34856,ignore_gates.sh,568006,complete,27.1278,26.6132,365960.0,SAT-INCORRECT
519930624,cnf_proj/sokoban-p20.sas.ex.13.cnf.xz,13219509,ignore_gates_please,34856,ignore_gates.sh,568006,timeout (wallclock),4977.89,5000.02,1928856.0,UNKNOWN
519930625,cnf_proj/sokoban-sequential-p145-microban-sequential.070-NOTKNOWN.cnf.xz,13219609,ignore_gates_please,34856,ignore_gates.sh,568006,timeout (wallclock),4957.19,5000.02,1866088.0,UNKNOWN
519930626,cnf_proj/sp4-33-bin-nons-flat-noid.cnf.xz,13219534,ignore_gates_please,34856,ignore_gates.sh,568006,complete,270.238,270.767,480916.0,UNSAT
519930627,cnf_proj/sp4-33-one-nons-flat-noid.cnf.xz,13219580,ignore_gates_please,34856,ignore_gates.sh,568006,complete,38.3082,38.3432,182892.0,SAT-INCORRECT
519930628,cnf_proj/sp4-33-one-stri-tree-noid.cnf.xz,13219607,ignore_gates_please,34856,ignore_gates.sh,568006,complete,1146.47,1147.9,1169156.0,UNSAT
519930629,cnf_proj/sp4-33-una-stri-flat-noid.cnf.xz,13219595,ignore_gates_please,34856,ignore_gates.sh,568006,complete,395.886,396.558,609288.0,UNSAT
519930630,cnf_proj/sp5-21-15-bin-stri-flat-noid.cnf.xz,13219831,ignore_gates_please,34856,ignore_gates.sh,568006,complete,565.672,566.082,460592.0,SAT-INCORRECT
519930631,cnf_proj/sp5-21-15-bin-stri-tree-noid.cnf.xz,13219773,ignore_gates_please,34856,ignore_gates.sh,568006,complete,459.419,459.887,394300.0,SAT-INCORRECT
519930632,cnf_proj/sp5-21-15-one-nons-tree-noid.cnf.xz,13219710,ignore_gates_please,34856,ignore_gates.sh,568006,complete,2350.55,2352.88,1370516.0,SAT-INCORRECT
519930633,cnf_proj/sp5-21-15-one-stri-tree-noid.cnf.xz,13219736,ignore_gates_please,34856,ignore_gates.sh,568006,complete,335.114,335.521,344320.0,SAT-INCORRECT
519930634,cnf_proj/sp5-21-15-una-nons-tree-noid.cnf.xz,13219711,ignore_gates_please,34856,ignore_gates.sh,568006,complete,808.326,809.184,514168.0,SAT-INCORRECT
519930635,cnf_proj/sp5-21-15-una-stri-flat-noid.cnf.xz,13219669,ignore_gates_please,34856,ignore_gates.sh,568006,complete,1145.36,1146.36,766180.0,SAT-INCORRECT
519930636,cnf_proj/sp5-26-19-bin-nons-tree-noid.cnf.xz,13219567,ignore_gates_please,34856,ignore_gates.sh,568006,timeout (wallclock),4992.48,5000.09,250476.0,UNKNOWN
519930637,cnf_proj/sp5-26-19-bin-stri-flat-noid.cnf.xz,13219603,ignore_gates_please,34856,ignore_gates.sh,568006,timeout (wallclock),4995.53,5000.02,3731316.0,SAT-INCORRECT
519930638,cnf_proj/sp5-26-19-una-nons-tree-noid.cnf.xz,13219530,ignore_gates_please,34856,ignore_gates.sh,568006,timeout (wallclock),4973.53,5000.02,312644.0,UNKNOWN
519930639,cnf_proj/spg_200_300.cnf.xz,13219636,ignore_gates_please,34856,ignore_gates.sh,568006,timeout (wallclock),4998.99,5000.11,814976.0,UNKNOWN
519930640,cnf_proj/spg_200_301.cnf.xz,13219729,ignore_gates_please,34856,ignore_gates.sh,568006,complete,149.242,145.494,541960.0,UNSAT
519930641,cnf_proj/spg_200_307.cnf.xz,13219768,ignore_gates_please,34856,ignore_gates.sh,568006,complete,107.364,103.53,542460.0,UNSAT
519930642,cnf_proj/spg_200_316.cnf.xz,13219642,ignore_gates_please,34856,ignore_gates.sh,568006,complete,192.565,187.955,569392.0,UNSAT
519930643,cnf_proj/spg_200_317.cnf.xz,13219714,ignore_gates_please,34856,ignore_gates.sh,568006,complete,562.212,556.455,984224.0,UNSAT
519930644,cnf_proj/spg_200_321.cnf.xz,13219610,ignore_gates_please,34856,ignore_gates.sh,568006,complete,169.18,165.383,582248.0,UNSAT
519930645,cnf_proj/spg_300_300.cnf.xz,13219644,ignore_gates_please,34856,ignore_gates.sh,568006,timeout (wallclock),4996.78,5000.02,3475448.0,UNSAT
519930646,cnf_proj/spg_300_301.cnf.xz,13219715,ignore_gates_please,34856,ignore_gates.sh,568006,complete,1678.75,1669.16,1143540.0,UNSAT
519930647,cnf_proj/spg_300_312.cnf.xz,13219542,ignore_gates_please,34856,ignore_gates.sh,568006,complete,645.625,639.541,1002480.0,UNSAT
519930648,cnf_proj/spg_330_400.cnf.xz,13219717,ignore_gates_please,34856,ignore_gates.sh,568006,complete,1041.7,1033.31,1096520.0,UNSAT
519930649,cnf_proj/spg_400_281.cnf.xz,13219793,ignore_gates_please,34856,ignore_gates.sh,568006,complete,507.597,497.729,1152172.0,UNSAT
519930650,cnf_proj/spg_420_280.cnf.xz,13219505,ignore_gates_please,34856,ignore_gates.sh,568006,complete,358.74,350.461,947840.0,UNSAT
519930651,cnf_proj/spg_420_350.cnf.xz,13219476,ignore_gates_please,34856,ignore_gates.sh,568006,complete,444.351,435.219,974200.0,UNSAT
519930652,cnf_proj/stb_531_83.apx_0.cnf.xz,13219671,ignore_gates_please,34856,ignore_gates.sh,568006,complete,0.117085,0.0860389,113292.0,SAT-INCORRECT
519930653,cnf_proj/stb_792_333.apx_0.cnf.xz,13219625,ignore_gates_please,34856,ignore_gates.sh,568006,complete,0.192424,0.146165,113292.0,SAT-INCORRECT
519930654,cnf_proj/sted12a_0x1e1-67.cnf.xz,13219499,ignore_gates_please,34856,ignore_gates.sh,568006,timeout (wallclock),4997.42,5000.02,317092.0,UNKNOWN
519930655,cnf_proj/sted1_0x0-380.cnf.xz,13219806,ignore_gates_please,34856,ignore_gates.sh,568006,timeout (wallclock),4992.23,5000.1,322340.0,UNKNOWN
519930656,cnf_proj/sted1_0x0-637.cnf.xz,13219640,ignore_gates_please,34856,ignore_gates.sh,568006,complete,2733.35,2734.81,1064972.0,UNKNOWN
519930657,cnf_proj/sted1_0x1e3-393.cnf.xz,13219524,ignore_gates_please,34856,ignore_gates.sh,568006,timeout (wallclock),4993.27,5000.02,1657352.0,SAT-INCORRECT
519930658,cnf_proj/sted2_0x0-343.cnf.xz,13219725,ignore_gates_please,34856,ignore_gates.sh,568006,timeout (wallclock),4995.87,5000.02,287012.0,UNKNOWN
519930659,cnf_proj/sted2_0x1e3-216.cnf.xz,13219782,ignore_gates_please,34856,ignore_gates.sh,568006,complete,2106.22,2107.7,990208.0,SAT-INCORRECT
519930660,cnf_proj/sted3_0x0_n201-239.cnf.xz,13219672,ignore_gates_please,34856,ignore_gates.sh,568006,timeout (wallclock),4989.58,5000.02,2215580.0,UNKNOWN
519930661,cnf_proj/sted4_0x0_n159-185.cnf.xz,13219518,ignore_gates_please,34856,ignore_gates.sh,568006,complete,1651.71,1652.35,672104.0,UNKNOWN
519930662,cnf_proj/sted5_0x0_n90-157.cnf.xz,13219804,ignore_gates_please,34856,ignore_gates.sh,568006,complete,3373.34,3377.84,1089852.0,SAT-INCORRECT
519930663,cnf_proj/sted5_0x1e3-120.cnf.xz,13219674,ignore_gates_please,34856,ignore_gates.sh,568006,complete,1571.84,1572.67,639912.0,SAT-INCORRECT
519930664,cnf_proj/sted5_0x1e3-20.cnf.xz,13219660,ignore_gates_please,34856,ignore_gates.sh,568006,timeout (wallclock),4988.01,5000.1,349524.0,UNKNOWN
519930665,cnf_proj/sted5_0x24204-70.cnf.xz,13219461,ignore_gates_please,34856,ignore_gates.sh,568006,timeout (wallclock),4996.13,5000.02,329964.0,UNKNOWN
519930666,cnf_proj/sted6_0x1e3-97.cnf.xz,13219822,ignore_gates_please,34856,ignore_gates.sh,568006,complete,1317.63,1318.71,624088.0,SAT-INCORRECT
519930667,cnf_proj/string_compare_safety_cbmc_unwinding_600.cnf.xz,13219568,ignore_gates_please,34856,ignore_gates.sh,568006,complete,163.32,143.389,2530268.0,SAT-INCORRECT
519930668,cnf_proj/string_compare_safety_cbmc_unwinding_630.cnf.xz,13219811,ignore_gates_please,34856,ignore_gates.sh,568006,complete,182.816,161.908,2636276.0,SAT-INCORRECT
519930669,cnf_proj/string_compare_safety_cbmc_unwinding_670.cnf.xz,13219817,ignore_gates_please,34856,ignore_gates.sh,568006,timeout (cpu),5000.05,4979.78,3140156.0,SAT-INCORRECT
519930670,cnf_proj/string_compare_safety_cbmc_unwinding_680.cnf.xz,13219576,ignore_gates_please,34856,ignore_gates.sh,568006,complete,190.303,167.196,2872236.0,SAT-INCORRECT
519930671,cnf_proj/string_compare_safety_cbmc_unwinding_690.cnf.xz,13219512,ignore_gates_please,34856,ignore_gates.sh,568006,complete,193.319,169.368,3048792.0,SAT-INCORRECT
519930672,cnf_proj/string_compare_safety_cbmc_unwinding_700.cnf.xz,13219485,ignore_gates_please,34856,ignore_gates.sh,568006,complete,240.675,216.316,3084496.0,SAT-INCORRECT
519930673,cnf_proj/string_compare_safety_cbmc_unwinding_730.cnf.xz,13219744,ignore_gates_please,34856,ignore_gates.sh,568006,timeout (cpu),5000.03,4976.18,3743836.0,SAT-INCORRECT
519930674,cnf_proj/string_compare_safety_cbmc_unwinding_780.cnf.xz,13219492,ignore_gates_please,34856,ignore_gates.sh,568006,complete,222.319,194.459,3393016.0,SAT-INCORRECT
519930675,cnf_proj/string_compare_safety_cbmc_unwinding_800.cnf.xz,13219482,ignore_gates_please,34856,ignore_gates.sh,568006,complete,228.338,199.651,3466792.0,SAT-INCORRECT
519930676,cnf_proj/string_compare_safety_cbmc_unwinding_870.cnf.xz,13219742,ignore_gates_please,34856,ignore_gates.sh,568006,timeout (cpu),5000.05,4969.7,4512516.0,SAT-INCORRECT
519930677,cnf_proj/string_compare_safety_cbmc_unwinding_900.cnf.xz,13219569,ignore_gates_please,34856,ignore_gates.sh,568006,complete,309.259,276.201,3790932.0,SAT-INCORRECT
519930678,cnf_proj/string_compare_safety_cbmc_unwinding_930.cnf.xz,13219814,ignore_gates_please,34856,ignore_gates.sh,568006,timeout (cpu),5000.03,4967.43,4778244.0,SAT-INCORRECT
519930679,cnf_proj/string_compare_safety_cbmc_unwinding_940.cnf.xz,13219571,ignore_gates_please,34856,ignore_gates.sh,568006,complete,353.974,318.629,3959108.0,SAT-INCORRECT
519930680,cnf_proj/sum_of_3_cubes_108_bits_52.cnf.xz,13219719,ignore_gates_please,34856,ignore_gates.sh,568006,complete,346.581,345.892,374156.0,UNKNOWN
519930681,cnf_proj/sum_of_3_cubes_145_bits_74.cnf.xz,13219517,ignore_gates_please,34856,ignore_gates.sh,568006,complete,1567.05,1566.16,546252.0,UNKNOWN
519930682,cnf_proj/sum_of_3_cubes_37_bits_87.cnf.xz,13219624,ignore_gates_please,34856,ignore_gates.sh,568006,complete,2.48723,1.07944,274064.0,UNKNOWN
519930683,cnf_proj/sum_of_3_cubes_42_bits_96.cnf.xz,13219590,ignore_gates_please,34856,ignore_gates.sh,568006,complete,798.042,798.323,314716.0,UNKNOWN
519930684,cnf_proj/sum_of_3_cubes_50_bits_91.cnf.xz,13219693,ignore_gates_please,34856,ignore_gates.sh,568006,complete,3.15154,2.75151,286512.0,SAT-INCORRECT
519930685,cnf_proj/sum_of_3_cubes_51_bits_80.cnf.xz,13219761,ignore_gates_please,34856,ignore_gates.sh,568006,complete,7.23882,6.81792,287120.0,UNKNOWN
519930686,cnf_proj/sum_of_3_cubes_52_bits_39.cnf.xz,13219692,ignore_gates_please,34856,ignore_gates.sh,568006,timeout (wallclock),4995.02,5000.06,335800.0,UNKNOWN
519930687,cnf_proj/sum_of_3_cubes_76_bits_84.cnf.xz,13219769,ignore_gates_please,34856,ignore_gates.sh,568006,complete,105.257,104.372,318704.0,UNKNOWN
519930688,cnf_proj/sum_of_3_cubes_87_bits_75.cnf.xz,13219616,ignore_gates_please,34856,ignore_gates.sh,568006,timeout (wallclock),4993.58,5000.05,404328.0,UNKNOWN
519930689,cnf_proj/sum_of_3_cubes_94_bits_30.cnf.xz,13219601,ignore_gates_please,34856,ignore_gates.sh,568006,complete,243.224,242.808,347144.0,UNKNOWN
519930690,cnf_proj/Sz1024_34824.smt2.cnf.xz,13219464,ignore_gates_please,34856,ignore_gates.sh,568006,complete,1.054,0.852634,275960.0,SAT-INCORRECT
519930691,cnf_proj/Sz512_15128_1.smt2.cnf.xz,13219732,ignore_gates_please,34856,ignore_gates.sh,568006,complete,0.388561,0.304727,113292.0,SAT-INCORRECT
519930692,cnf_proj/test_v7_r12_vr1_c1_s10576.smt2.cnf.xz,13219589,ignore_gates_please,34856,ignore_gates.sh,568006,complete,36.9449,33.8232,666772.0,SAT-INCORRECT
519930693,cnf_proj/toughsat_factoring_426s.cnf.xz,13219832,ignore_gates_please,34856,ignore_gates.sh,568006,complete,1196.8,1197.13,405768.0,SAT-INCORRECT
519930694,cnf_proj/toughsat_factoring_895s.cnf.xz,13219818,ignore_gates_please,34856,ignore_gates.sh,568006,timeout (wallclock),4993.94,5000.02,823736.0,UNKNOWN
519930695,cnf_proj/UCG-20-10p1-sc2009.cnf.xz,13219727,ignore_gates_please,34856,ignore_gates.sh,568006,timeout (wallclock),4997.16,5000.02,1879880.0,UNKNOWN
519930696,cnf_proj/UR-15-10p0.cnf.xz,13219785,ignore_gates_please,34856,ignore_gates.sh,568006,timeout (wallclock),4998.06,5000.02,1048148.0,UNSAT
519930697,cnf_proj/UR-20-5p1.cnf.xz,13219614,ignore_gates_please,34856,ignore_gates.sh,568006,complete,3060.92,3062.1,720828.0,UNKNOWN
519930698,cnf_proj/uum32.smt2.cnf.xz,13219819,ignore_gates_please,34856,ignore_gates.sh,568006,complete,2486.32,2488.62,1783980.0,SAT-INCORRECT
519930699,cnf_proj/vlsat2_111_1186.cnf.xz,13219661,ignore_gates_please,34856,ignore_gates.sh,568006,complete,114.744,114.395,360296.0,SAT-INCORRECT
519930700,cnf_proj/vlsat2_112_4223.cnf.xz,13219839,ignore_gates_please,34856,ignore_gates.sh,568006,timeout (wallclock),4997.52,5000.1,744244.0,UNKNOWN
519930701,cnf_proj/vlsat2_113_1150.cnf.xz,13219713,ignore_gates_please,34856,ignore_gates.sh,568006,timeout (wallclock),4967.29,5000.02,988948.0,UNKNOWN
519930702,cnf_proj/vlsat2_11_26.cnf.xz,13219700,ignore_gates_please,34856,ignore_gates.sh,568006,timeout (wallclock),4979.73,5000.11,347836.0,UNKNOWN
519930703,cnf_proj/vlsat2_11_42.cnf.xz,13219480,ignore_gates_please,34856,ignore_gates.sh,568006,timeout (wallclock),4990.4,5000.02,312928.0,UNKNOWN
519930704,cnf_proj/vlsat2_142_6781.cnf.xz,13219745,ignore_gates_please,34856,ignore_gates.sh,568006,timeout (wallclock),4995.39,5000.11,997592.0,UNKNOWN
519930705,cnf_proj/vlsat2_144_7585.cnf.xz,13219503,ignore_gates_please,34856,ignore_gates.sh,568006,timeout (wallclock),4999.49,5000.02,1301652.0,UNKNOWN
519930706,cnf_proj/vlsat2_29736_3780419.dimacs.cnf.xz,13219459,ignore_gates_please,34856,ignore_gates.sh,568006,timeout (wallclock),4985.03,5000.02,1450876.0,UNKNOWN
519930707,cnf_proj/vlsat2_37758_5364539.dimacs.cnf.xz,13219540,ignore_gates_please,34856,ignore_gates.sh,568006,timeout (wallclock),4973.85,5000.02,2399488.0,UNKNOWN
519930708,cnf_proj/vlsat2_44_545.cnf.xz,13219553,ignore_gates_please,34856,ignore_gates.sh,568006,timeout (wallclock),4990.78,5000.08,312916.0,UNKNOWN
519930709,cnf_proj/vlsat2_51_824.cnf.xz,13219587,ignore_gates_please,34856,ignore_gates.sh,568006,timeout (wallclock),4987.4,5000.02,353152.0,UNKNOWN
519930710,cnf_proj/vlsat2_56_1042.cnf.xz,13219474,ignore_gates_please,34856,ignore_gates.sh,568006,timeout (wallclock),4985.45,5000.02,387816.0,UNKNOWN
519930711,cnf_proj/vlsat2_702_14170.cnf.xz,13219841,ignore_gates_please,34856,ignore_gates.sh,568006,timeout (wallclock),4978.51,5000.1,4271432.0,UNKNOWN
519930712,cnf_proj/WS_300_24_90_10.apx_0.cnf.xz,13219586,ignore_gates_please,34856,ignore_gates.sh,568006,complete,196.518,196.844,266124.0,UNSAT
519930713,cnf_proj/WS_400_16_90_70.apx_0.cnf.xz,13219730,ignore_gates_please,34856,ignore_gates.sh,568006,complete,359.576,359.83,333588.0,UNSAT
519930714,cnf_proj/WS_500_16_70_10.apx_0.cnf.xz,13219557,ignore_gates_please,34856,ignore_gates.sh,568006,complete,0.139284,0.107657,113292.0,SAT-INCORRECT
519930715,cnf_proj/WS_500_32_30_10.apx_0.cnf.xz,13219632,ignore_gates_please,34856,ignore_gates.sh,568006,complete,1263.2,1264.53,717424.0,UNSAT
