benchmark,EQV,ITE,DEF,AND,XOR
cnf_proj/10pipe_k.cnf.xz,0,5811,9,59478,0
cnf_proj/13pipe_k.cnf.xz,0,12858,12,131413,0
cnf_proj/143.smt2.cnf.xz,0,9415,290,309022,50718
cnf_proj/14pipe_q0_k.cnf.xz,0,112000,202,105341,0
cnf_proj/20-100-frag12-0_sat.cnf.xz,0,0,0,0,0
cnf_proj/20-100-frag12-14_sat.cnf.xz,0,0,0,0,0
cnf_proj/20-100-frag12-32_sat.cnf.xz,0,0,0,0,0
cnf_proj/20-100-frag12-53_sat.cnf.xz,0,0,0,0,0
cnf_proj/20-100-lambda100-14_sat.cnf.xz,0,0,0,0,0
cnf_proj/20-100-lambda100-14_unsat.cnf.xz,0,0,0,0,0
cnf_proj/20-100-lambda100-47_unsat.cnf.xz,0,0,0,0,0
cnf_proj/20-100-lambda100-49_sat.cnf.xz,0,0,0,0,0
cnf_proj/20-100-lambda100-65_sat.cnf.xz,0,0,0,0,0
cnf_proj/20-100-lambda100-89_sat.cnf.xz,0,0,0,0,0
cnf_proj/20-100-lambda100-89_unsat.cnf.xz,0,0,0,0,0
cnf_proj/20-100-p100-55_sat.cnf.xz,0,0,0,0,0
cnf_proj/20-100-p100-55_unsat.cnf.xz,0,0,0,0,0
cnf_proj/2bitcomp_5.hg_20.cnf.xz,1010,0,0,0,0
cnf_proj/51.smt2.cnf.xz,0,3519,41,63744,9946
cnf_proj/73.smt2.cnf.xz,0,3519,40,63736,9946
cnf_proj/79.smt2.cnf.xz,0,4195,69,98654,15770
cnf_proj/9dlx_vliw_at_b_iq5.cnf.xz,0,6995,10,127773,0
cnf_proj/9dlx_vliw_at_b_iq8.cnf.xz,0,20060,18,320039,0
cnf_proj/ACG-15-10p1.cnf.xz,1358,0,62789,48658,0
cnf_proj/Circuit_multiplier18.cnf.xz,7,13,18,84,158
cnf_proj/Circuit_multiplier22.cnf.xz,8,8,17,81,156
cnf_proj/Circuit_multiplier24.cnf.xz,13,14,13,83,147
cnf_proj/Circuit_multiplier25.cnf.xz,19,13,11,84,150
cnf_proj/Circuit_multiplier26.cnf.xz,7,8,17,83,157
cnf_proj/Circuit_multiplier29.cnf.xz,12,14,22,77,153
cnf_proj/Circuit_multiplier33.cnf.xz,17,14,17,64,124
cnf_proj/Circuit_multiplier34.cnf.xz,12,8,15,76,154
cnf_proj/Circuit_multiplier35.cnf.xz,18,12,12,76,154
cnf_proj/Circuit_multiplier36.cnf.xz,8,15,12,90,179
cnf_proj/Circuit_multiplier37.cnf.xz,21,14,31,78,149
cnf_proj/Circuit_multiplier45.cnf.xz,21,14,16,84,167
cnf_proj/Circuit_multiplier53.cnf.xz,6,10,14,91,162
cnf_proj/E00X23.cnf.xz,92,0,450,12090,0
cnf_proj/E02F17.cnf.xz,68,0,241,4549,0
cnf_proj/ER_500_40_2.apx_0.cnf.xz,0,0,0,620,0
cnf_proj/HCP-424-60.cnf.xz,1003,0,0,2216,0
cnf_proj/HCP-446-105.cnf.xz,933,0,0,2646,0
cnf_proj/HCP-446-420.cnf.xz,933,0,0,2646,0
cnf_proj/HCP-446-60.cnf.xz,933,0,0,2646,0
cnf_proj/HCP-470-105.cnf.xz,933,0,0,2712,0
cnf_proj/HCP-470-420.cnf.xz,933,0,0,2712,0
cnf_proj/HCP-470-60.cnf.xz,933,0,0,2712,0
cnf_proj/HCP-506-60.cnf.xz,0,0,0,2964,0
cnf_proj/HCP-522-105.cnf.xz,0,0,0,3060,0
cnf_proj/HCP-526-105.cnf.xz,0,0,0,3108,0
cnf_proj/HCP-526-420.cnf.xz,0,0,0,3108,0
cnf_proj/HCP-529-420.cnf.xz,0,0,0,3132,0
cnf_proj/HCP-529-60.cnf.xz,0,0,0,3132,0
cnf_proj/IBM_FV_2004_rule_batch_30_SAT_dat.k75.cnf.xz,12363,144,0,109725,13200
cnf_proj/Kakuro-easy-045-ext.xml.hg_4.cnf.xz,424,0,0,0,0
cnf_proj/Kakuro-easy-051-ext.xml.hg_4.cnf.xz,592,0,0,0,0
cnf_proj/Kakuro-easy-089-ext.xml.hg_4.cnf.xz,756,0,0,0,0
cnf_proj/Kakuro-easy-104-ext.xml.hg_6.cnf.xz,760,0,0,0,0
cnf_proj/Kakuro-easy-112-ext.xml.hg_7.cnf.xz,920,0,0,0,0
cnf_proj/Kakuro-easy-115-ext.xml.hg_5.cnf.xz,1232,0,0,0,0
cnf_proj/Kakuro-easy-118-ext.xml.hg_4.cnf.xz,940,0,0,0,0
cnf_proj/Kakuro-easy-127-ext.xml.hg_7.cnf.xz,1052,0,0,0,0
cnf_proj/Kakuro-easy-132-ext.xml.hg_8.cnf.xz,1256,0,0,0,0
cnf_proj/Kakuro-easy-142-ext.xml.hg_8.cnf.xz,856,0,0,0,0
cnf_proj/Kakuro-easy-150-ext.xml.hg_9.cnf.xz,1084,0,0,0,0
cnf_proj/Kakuro-easy-156-ext.xml.hg_7.cnf.xz,848,0,0,0,0
cnf_proj/LABS_n041_goal003.cnf.xz,0,0,0,3277,0
cnf_proj/LABS_n068_goal001.cnf.xz,0,0,0,9102,0
cnf_proj/LABS_n069_goal001.cnf.xz,0,0,0,9378,0
cnf_proj/LABS_n072_goal006.cnf.xz,0,0,0,10218,0
cnf_proj/LABS_n089_goal008.cnf.xz,0,29682,0,16312,6091
cnf_proj/MVD_ADS_S10_5_6.cnf.xz,0,0,0,0,0
cnf_proj/MVD_ADS_S10_6_6.cnf.xz,0,0,0,0,0
cnf_proj/MVD_ADS_S11_6_7.cnf.xz,0,0,0,0,0
cnf_proj/MVD_ADS_S11_7_7.cnf.xz,0,0,0,0,0
cnf_proj/MVD_ADS_S11_8_7.cnf.xz,0,0,0,0,0
cnf_proj/MVD_ADS_S1_5_5.cnf.xz,0,0,0,0,0
cnf_proj/MVD_ADS_S3_5_5.cnf.xz,0,0,0,0,0
cnf_proj/MVD_ADS_S4_5_5.cnf.xz,0,0,0,0,0
cnf_proj/MVD_ADS_S5_6_6.cnf.xz,0,0,0,0,0
cnf_proj/MVD_ADS_S6_6_5.cnf.xz,0,0,0,0,0
cnf_proj/MVD_ADS_S6_6_6.cnf.xz,0,0,0,0,0
cnf_proj/MVD_ADS_S7_6_6.cnf.xz,0,0,0,0,0
cnf_proj/MVD_ADS_S9_6_6.cnf.xz,0,0,0,0,0
cnf_proj/Mycielski-10-hints-10.cnf.xz,0,0,0,767,0
cnf_proj/Mycielski-10-hints-5.cnf.xz,0,0,0,767,0
cnf_proj/Mycielski-10-hints-6.cnf.xz,0,0,0,767,0
cnf_proj/Mycielski-10-hints-7.cnf.xz,0,0,0,767,0
cnf_proj/Mycielski-10-hints-8.cnf.xz,0,0,0,767,0
cnf_proj/Mycielski-10-hints-9.cnf.xz,0,0,0,767,0
cnf_proj/Mycielski-11-hints-1.cnf.xz,0,0,0,1535,0
cnf_proj/Mycielski-11-hints-2.cnf.xz,0,0,0,1535,0
cnf_proj/Mycielski-11-hints-3.cnf.xz,0,0,0,1535,0
cnf_proj/Mycielski-11-hints-4.cnf.xz,0,0,0,1535,0
cnf_proj/Nb51T6.cnf.xz,0,0,0,1576206,788103
cnf_proj/SC21_Timetable_C_121_E_34_Cl_8_S_4.cnf.xz,64,0,0,759,0
cnf_proj/SC21_Timetable_C_136_E_36_Cl_9_S_15.cnf.xz,55,0,0,734,0
cnf_proj/SC21_Timetable_C_136_E_41_Cl_9_S_15.cnf.xz,28,0,0,743,0
cnf_proj/SC21_Timetable_C_140_E_29_Cl_10_S_15.cnf.xz,57,0,0,728,0
cnf_proj/SC21_Timetable_C_140_E_32_Cl_30_S_10.cnf.xz,29,0,0,756,0
cnf_proj/SC21_Timetable_C_181_E_34_Cl_12_S_4.cnf.xz,96,0,0,1135,0
cnf_proj/SC21_Timetable_C_181_E_34_Cl_12_S_8.cnf.xz,96,0,0,954,0
cnf_proj/SC21_Timetable_C_241_E_34_Cl_16_S_13.cnf.xz,128,0,0,1270,0
cnf_proj/SC21_Timetable_C_466_E_62_Cl_31_S_30.cnf.xz,0,0,0,2703,0
cnf_proj/SC21_Timetable_C_512_E_66_Cl_34_S_35.cnf.xz,102,0,0,2766,0
cnf_proj/SC21_Timetable_C_527_E_71_Cl_35_S_35.cnf.xz,0,0,0,2917,0
cnf_proj/SC21_Timetable_C_542_E_71_Cl_36_S_35.cnf.xz,0,0,0,3000,0
cnf_proj/SC21_Timetable_C_557_E_73_Cl_37_S_35.cnf.xz,0,0,0,3083,0
cnf_proj/SE_PR_WS_500_16_70_10.apx_0.cnf.xz,2,0,0,501,0
cnf_proj/SE_PR_stb_531_83.apx_1.cnf.xz,0,0,0,385,0
cnf_proj/SE_PR_stb_588_138.apx_1.cnf.xz,0,0,0,558,0
cnf_proj/Sz1024_34824.smt2.cnf.xz,0,264,192,27597,1684
cnf_proj/Sz512_15128_1.smt2.cnf.xz,0,77,80,9738,633
cnf_proj/UCG-20-10p1-sc2009.cnf.xz,1780,0,9650,34547,0
cnf_proj/UR-15-10p0.cnf.xz,1358,0,15518,27156,0
cnf_proj/UR-20-5p1.cnf.xz,1514,0,20404,29507,0
cnf_proj/WS_300_24_90_10.apx_0.cnf.xz,0,0,0,274,0
cnf_proj/WS_400_16_90_70.apx_0.cnf.xz,0,0,0,391,0
cnf_proj/WS_500_16_70_10.apx_0.cnf.xz,2,0,0,994,0
cnf_proj/WS_500_32_30_10.apx_0.cnf.xz,0,0,0,464,0
cnf_proj/ak016modbtsimpbisc.cnf.xz,170,372,0,2746,965
cnf_proj/ak032modbtmodbtisc.cnf.xz,332,1050,0,9508,3228
cnf_proj/ak128paralparalisc.cnf.xz,2234,23152,0,172424,21010
cnf_proj/assoc_mult_err_3.c.cnf.xz,0,2944,2616,5598,372
cnf_proj/at-least-two-aaai10-planning-ipc5-pathways-17-step20.cnf.xz,2136,0,0,16832,48455
cnf_proj/at-least-two-aaai10-planning-ipc5-pipesworld-12-step15.cnf.xz,216,0,0,17258,63146
cnf_proj/at-least-two-hwmcc10-timeframe-expansion-k50-pdtviseisenberg2-tseitin.cnf.xz,0,0,0,229585,115264
cnf_proj/at-least-two-ibm-2004-23-k100.cnf.xz,29250,198,0,334786,203807
cnf_proj/at-least-two-maris-s03-gripper11.cnf.xz,48,0,0,1192,3041
cnf_proj/at-least-two-smtlib-qfbv-aigs-ext_con_032_008_0256-tseitin.cnf.xz,0,0,0,45767,27158
cnf_proj/at-least-two-sokoban-sequential-p145-microban-sequential.030-NOTKNOWN.cnf.xz,708,0,0,6194,35899
cnf_proj/at-least-two-traffic_b_unsat.cnf.xz,0,0,11543,0,14518
cnf_proj/at-least-two-traffic_f_unknown.cnf.xz,0,0,11236,0,22084
cnf_proj/at-least-two-traffic_kkb_unknown.cnf.xz,0,0,10935,0,23575
cnf_proj/at-least-two-traffic_pcb_unknown.cnf.xz,0,0,11543,108,21777
cnf_proj/at-least-two-vmpc_26.cnf.xz,0,0,0,52,676
cnf_proj/at-least-two-vmpc_28.cnf.xz,0,0,0,56,784
cnf_proj/aux.cnf.xz,0,0,0,0,0
cnf_proj/b04_s_unknown_pre.cnf.xz,233,0,0,1334,0
cnf_proj/b2005-p1-12x12c10h7-Ser3-0.cnf.xz,3491,5014,1096,19251,64
cnf_proj/b2005-p1-12x12c10h7-Ser4-0.cnf.xz,547,1447,3629,6961,235
cnf_proj/b2005-p1-12x12c10h7-Ser5-0.cnf.xz,581,1001,2568,6341,1740
cnf_proj/b2005-p1-14x14c17h9-Ser3-0.cnf.xz,26163,18426,1862,74799,231
cnf_proj/b2005-p2-12x12c10h7-Ser7-0.cnf.xz,2660,4944,672,12319,1904
cnf_proj/b2005-p2-14x14c17h9-Ser5-0.cnf.xz,1282,3137,6799,13638,5375
cnf_proj/b2005-p2-14x14c17h9-Ser6-0.cnf.xz,7880,12799,1477,30398,5046
cnf_proj/b2005-p3-12x12c10h7-Ser7-0.cnf.xz,3368,6402,737,13977,2626
cnf_proj/b2005-p3-14x14c17h9-Ser3-0.cnf.xz,33903,24087,1944,91555,273
cnf_proj/b2005-p4-12x12c10h7-Ser3-0.cnf.xz,3829,6065,1111,21365,75
cnf_proj/b2005-p4-14x14c17h9-Ser8-0.cnf.xz,18402,28616,1717,49618,11767
cnf_proj/b2005-p5-12x12c10h7-Ser5-0.cnf.xz,621,1163,2988,6286,2194
cnf_proj/b2005-p5-14x14c17h9-Ser5-0.cnf.xz,1581,3803,8377,13643,6824
cnf_proj/barman-pfile10-039.sas.ex.15.cnf.xz,8,0,151,0,0
cnf_proj/barman-pfile10-040.sas.ex.15.cnf.xz,8,0,151,0,0
cnf_proj/battleship-12-12-unsat.cnf.xz,0,0,0,0,0
cnf_proj/battleship-14-26-sat.cnf.xz,0,0,0,0,0
cnf_proj/blocks-blocks-36-0.180-SAT.cnf.xz,1404,0,15333,186845,0
cnf_proj/blocks-blocks-37-1.120-NOTKNOWN.cnf.xz,1480,0,8951,114693,0
cnf_proj/blocks-blocks-37-1.130-NOTKNOWN.cnf.xz,1480,0,10071,128383,0
cnf_proj/bv-term-small-rw_1294.smt2.cnf.xz,0,15,47,7531,156
cnf_proj/bv-term-small-rw_1492.smt2.cnf.xz,0,363,4,7600,153
cnf_proj/bvsdiv_19.smt2.cnf.xz,694,37,450,6042,353
cnf_proj/bvsmod_18.smt2.cnf.xz,626,19,411,6168,338
cnf_proj/bvsmod_19.smt2.cnf.xz,694,20,452,6747,376
cnf_proj/bvsub_08985.smt2.cnf.xz,0,0,17969,152724,8987
cnf_proj/bvsub_12973.smt2.cnf.xz,0,0,25945,220520,12975
cnf_proj/bvsub_19952.smt2.cnf.xz,0,0,39903,339163,19954
cnf_proj/bvurem_20.smt2.cnf.xz,690,0,435,6276,410
cnf_proj/crafted_n10_d6_c4_num15.cnf.xz,0,0,0,0,0
cnf_proj/crafted_n10_d6_c4_num21.cnf.xz,0,0,0,0,0
cnf_proj/crafted_n11_d6_c4_num14.cnf.xz,0,0,0,0,0
cnf_proj/crafted_n12_d6_c3_num18.cnf.xz,0,0,0,0,0
cnf_proj/crafted_n12_d6_c3_num28.cnf.xz,0,0,0,0,0
cnf_proj/crafted_n12_d6_c4_num17.cnf.xz,0,0,0,0,0
cnf_proj/ctl_4201_555_unsat.cnf.xz,0,0,0,0,0
cnf_proj/ctl_4291_567_11_unsat.cnf.xz,0,0,0,0,0
cnf_proj/ctl_4291_567_1_unsat.cnf.xz,0,0,0,0,0
cnf_proj/ctl_4291_567_6_unsat_pre.cnf.xz,0,0,0,0,0
cnf_proj/ctl_4291_567_9_unsat.cnf.xz,0,0,0,0,0
cnf_proj/dist10.c.cnf.xz,0,3355,2203,5477,408
cnf_proj/dist4.c.cnf.xz,0,3355,2184,5478,408
cnf_proj/ecarev-110-1031-23-40-8.cnf.xz,0,0,17634,0,55
cnf_proj/ecarev-110-4099-22-30-4.cnf.xz,0,0,53220,0,222
cnf_proj/edit_distance007_85.cnf.xz,0,0,0,0,0
cnf_proj/edit_distance019_312.cnf.xz,0,0,0,0,0
cnf_proj/edit_distance023_281.cnf.xz,0,0,0,0,0
cnf_proj/edit_distance023_282.cnf.xz,0,0,0,0,0
cnf_proj/edit_distance023_283.cnf.xz,0,0,0,0,0
cnf_proj/edit_distance025_448.cnf.xz,0,0,0,0,0
cnf_proj/edit_distance025_449.cnf.xz,0,0,0,0,0
cnf_proj/edit_distance025_450.cnf.xz,0,0,0,0,0
cnf_proj/edit_distance031_283.cnf.xz,0,0,0,0,0
cnf_proj/edit_distance031_284.cnf.xz,0,0,0,0,0
cnf_proj/edit_distance035_393.cnf.xz,0,0,0,0,0
cnf_proj/edit_distance041_182.cnf.xz,0,0,0,0,0
cnf_proj/edit_distance041_183.cnf.xz,0,0,0,0,0
cnf_proj/erin2_0x0-379.cnf.xz,0,0,17,368,0
cnf_proj/erin2_0x0_n207-379.cnf.xz,0,0,190,16581,0
cnf_proj/erin2_0x1e3-216.cnf.xz,0,0,202,0,7
cnf_proj/ex045_7.cnf.xz,330,0,0,0,0
cnf_proj/ex065_25.cnf.xz,162,0,0,0,0
cnf_proj/ex095_8.cnf.xz,445,0,0,0,0
cnf_proj/ex175_20.cnf.xz,879,0,0,0,0
cnf_proj/huck.col.11.cnf.xz,0,0,0,0,0
cnf_proj/k2fix_gr_rcs_w8.shuffled.cnf.xz,0,0,0,0,0
cnf_proj/ktf_TF-1.tf_3_0.02_34.cnf.xz,0,0,0,0,0
cnf_proj/ktf_TF-1.tf_4_0.06_101.cnf.xz,0,0,0,0,0
cnf_proj/ktf_TF-3.tf_2_0.02_24.cnf.xz,0,0,0,0,0
cnf_proj/ktf_TF-3.tf_3_0.02_24.cnf.xz,0,0,0,0,0
cnf_proj/ktf_TF-3.tf_4_0.04_48.cnf.xz,0,0,0,0,0
cnf_proj/ktf_TF-4.tf_2_0.02_18.cnf.xz,0,0,0,0,0
cnf_proj/ktf_TF-4.tf_4_0.04_35.cnf.xz,0,0,0,0,0
cnf_proj/ktf_TF-4.tf_4_0.06_52.cnf.xz,0,0,0,0,0
cnf_proj/ktf_TF-6.tf_4_0.04_51.cnf.xz,0,0,0,0,0
cnf_proj/ktf_TF-6.tf_4_0.06_77.cnf.xz,0,0,0,0,0
cnf_proj/ktf_TF-7.tf_3_0.06_113.cnf.xz,0,0,0,0,0
cnf_proj/ktf_TF-8.tf_4_0.02_37.cnf.xz,0,0,0,0,0
cnf_proj/ktf_TF-8.tf_4_0.06_109.cnf.xz,0,0,0,0,0
cnf_proj/maximum_constrained_partition_14_bits_n200.cnf.xz,6213,297,0,4,11674
cnf_proj/maximum_constrained_partition_18_bits_n200.cnf.xz,7844,309,0,4,13962
cnf_proj/maxor128.cnf.xz,0,0,508,198506,0
cnf_proj/mp1-Nb6T06.cnf.xz,0,0,0,2376,1188
cnf_proj/mp1-Nb6T07.cnf.xz,0,0,0,2772,1584
cnf_proj/mp1-Nb7T44.cnf.xz,0,0,0,28028,26117
cnf_proj/mp1-Nb7T46.cnf.xz,0,0,0,29302,27391
cnf_proj/mp1-blockpuzzle_5x10_s5_free3.cnf.xz,1093,0,0,50,0
cnf_proj/mp1-blockpuzzle_5x12_s6_free3.cnf.xz,1564,0,0,60,0
cnf_proj/mp1-blockpuzzle_9x9_s1_free8.cnf.xz,2810,0,0,81,0
cnf_proj/mp1-blockpuzzle_9x9_s5_free3.cnf.xz,2910,0,0,81,0
cnf_proj/mp1-bsat201-707.cnf.xz,0,0,0,0,0
cnf_proj/mp1-bsat210-739.cnf.xz,0,0,0,0,0
cnf_proj/mp1-klieber2017s-0300-034-t12.cnf.xz,0,0,23,19623,0
cnf_proj/mp1-klieber2017s-0490-024-t12.cnf.xz,0,0,22,30397,0
cnf_proj/mp1-klieber2017s-1000-023-eq.cnf.xz,0,0,18,6055,0
cnf_proj/mp1-klieber2017s-1000-024-eq.cnf.xz,0,0,15,5765,0
cnf_proj/mp1-klieber2017s-1200-022-eq.cnf.xz,0,0,16,7172,0
cnf_proj/mp1-klieber2017s-2000-022-eq.cnf.xz,0,0,20,10846,0
cnf_proj/mp1-squ_ali_s10x10_c39_abio_SAT.cnf.xz,0,0,28,1440,0
cnf_proj/mp1-squ_any_s09x07_c27_abix_UNS.cnf.xz,0,0,4,748,0
cnf_proj/mp1-tri_ali_s11_c35_abix_UNS.cnf.xz,0,0,10,808,0
cnf_proj/mp1-tri_ali_s11_c35_bail_UNS.cnf.xz,0,0,0,0,0
cnf_proj/n320p5q2_n.apx_16.cnf.xz,0,0,0,193,0
cnf_proj/n320p5q2_n.apx_17.cnf.xz,0,0,0,193,0
cnf_proj/ndhf_xits_09_UNSAT.cnf.xz,91,0,0,819,0
cnf_proj/p01_lb_05.cnf.xz,540,0,9825,13,0
cnf_proj/pb_300_05_lb_16.cnf.xz,1593,0,85773,13,0
cnf_proj/pb_300_05_lb_17.cnf.xz,1598,0,86963,13,0
cnf_proj/pb_300_06_lb_02.cnf.xz,1528,0,81070,13,0
cnf_proj/pb_300_10_lb_06.cnf.xz,1542,0,81934,13,0
cnf_proj/php12e12.cnf.xz,0,0,0,0,0
cnf_proj/php14e14.cnf.xz,0,0,0,0,0
cnf_proj/prime_a20_b20.cnf.xz,0,0,0,1639,1520
cnf_proj/prime_a22_b22.cnf.xz,0,0,0,1891,1763
cnf_proj/prime_a24_b24.cnf.xz,0,0,0,2255,2115
cnf_proj/problem_12.smt2.cnf.xz,0,0,0,33498,34
cnf_proj/puzzle30_sat.cnf.xz,510,0,29,3525,14790
cnf_proj/puzzle34_sat.cnf.xz,510,0,34,3994,16830
cnf_proj/puzzle34_unsat.cnf.xz,510,0,32,3759,15810
cnf_proj/puzzle35_sat.cnf.xz,510,0,35,4125,17340
cnf_proj/puzzle35_unsat.cnf.xz,510,0,33,3890,16320
cnf_proj/puzzle36_sat.cnf.xz,510,0,36,4230,17850
cnf_proj/puzzle37_unsat.cnf.xz,510,0,35,4126,17340
cnf_proj/puzzle39_sat.cnf.xz,510,0,39,4595,19380
cnf_proj/puzzle42_sat.cnf.xz,510,0,42,4935,20910
cnf_proj/puzzle44_unsat.cnf.xz,510,0,42,4935,20910
cnf_proj/puzzle47_sat.cnf.xz,510,0,47,5535,23460
cnf_proj/puzzle51_unsat.cnf.xz,510,0,49,5771,24480
cnf_proj/puzzle60_sat.cnf.xz,510,0,60,7050,30090
cnf_proj/quad_res_r21_m22.cnf.xz,411,22,0,526,668
cnf_proj/quad_res_r26_m27.cnf.xz,650,27,0,781,1060
cnf_proj/quad_res_r28_m29.cnf.xz,666,29,0,897,1029
cnf_proj/quad_res_r29_m32.cnf.xz,823,32,0,1086,1481
cnf_proj/quad_res_r31_m35.cnf.xz,1025,35,0,1293,1728
cnf_proj/quad_res_r32_m35.cnf.xz,1059,35,0,1293,1760
cnf_proj/quad_res_r33_m36.cnf.xz,1128,36,0,1366,1949
cnf_proj/quad_res_r34_m36.cnf.xz,1120,36,0,1366,1885
cnf_proj/quad_res_r35_m36.cnf.xz,1172,36,0,1366,2021
cnf_proj/quad_res_r37_m39.cnf.xz,1338,39,0,1597,2270
cnf_proj/randomG-B-Mix-n15-d05.cnf.xz,0,0,0,12,0
cnf_proj/randomG-B-Mix-n16-d05.cnf.xz,0,0,0,12,0
cnf_proj/randomG-B-Mix-n18-d05.cnf.xz,0,0,0,12,0
cnf_proj/randomG-B-Mix-n19-d05.cnf.xz,0,0,0,12,0
cnf_proj/randomG-Mix-n17-d05.cnf.xz,0,0,0,0,0
cnf_proj/randomG-Mix-n18-d05.cnf.xz,0,0,0,0,0
cnf_proj/randomG-n16-d05.cnf.xz,0,0,0,0,0
cnf_proj/randomG-n17-d05.cnf.xz,0,0,0,0,0
cnf_proj/randomG-n18-d05.cnf.xz,0,0,0,0,0
cnf_proj/randomG-n19-d05.cnf.xz,0,0,0,0,0
cnf_proj/randomG-n20-d05.cnf.xz,0,0,0,0,0
cnf_proj/rphp4_065_shuffled.cnf.xz,0,0,0,0,0
cnf_proj/rphp4_080_shuffled.cnf.xz,0,0,0,0,0
cnf_proj/rphp4_090_shuffled.cnf.xz,0,0,0,0,0
cnf_proj/rpoc_xits_10_UNKNOWN.cnf.xz,67,0,0,670,0
cnf_proj/satch2ways12u.cnf.xz,0,0,24,11580,0
cnf_proj/satch2ways12wu.cnf.xz,0,0,24,11580,0
cnf_proj/satch2ways13wu.cnf.xz,0,0,26,12545,0
cnf_proj/satch2ways14u.cnf.xz,0,0,28,13510,0
cnf_proj/satch2ways15.cnf.xz,0,0,30,14475,0
cnf_proj/satch2ways15u.cnf.xz,0,0,30,14475,0
cnf_proj/satch2ways15wu.cnf.xz,0,0,30,14475,0
cnf_proj/satch2ways16.cnf.xz,0,0,32,15440,0
cnf_proj/satch2ways16w.cnf.xz,0,0,32,15440,0
cnf_proj/satch2ways17w.cnf.xz,0,0,34,16405,0
cnf_proj/satch2ways18u.cnf.xz,0,0,36,17370,0
cnf_proj/satch2ways18wu.cnf.xz,0,0,36,17370,0
cnf_proj/satch2ways19u.cnf.xz,0,0,38,18335,0
cnf_proj/scc_1213_40_10_3.apx_0.cnf.xz,0,0,0,37,0
cnf_proj/shift1add.26949.cnf.xz,0,0,0,173303,0
cnf_proj/size_5_5_5_i003_r12.cnf.xz,0,0,154,1511,1250
cnf_proj/size_5_5_5_i223_r12.cnf.xz,0,0,154,1511,1250
cnf_proj/size_5_5_5_i251_r12.cnf.xz,0,0,154,1511,1250
cnf_proj/snw_13_8_pre-sc2016.cnf.xz,0,0,0,78,0
cnf_proj/snw_13_8_pre.cnf.xz,0,0,0,78,0
cnf_proj/snw_13_9_pre.cnf.xz,0,0,0,91,0
cnf_proj/snw_16_9_Encpre.cnf.xz,1156,0,94,1332,0
cnf_proj/sokoban-p16.sas.ex.19-sc2016.cnf.xz,33,0,5,2,0
cnf_proj/sokoban-p20.sas.cr.21.cnf.xz,21999,0,0,15645,0
cnf_proj/sokoban-p20.sas.cr.27.cnf.xz,31095,0,0,21267,0
cnf_proj/sokoban-p20.sas.ex.13.cnf.xz,30,0,3,1,0
cnf_proj/sokoban-sequential-p145-microban-sequential.070-NOTKNOWN.cnf.xz,354,0,16396,8850,0
cnf_proj/sp4-33-bin-nons-flat-noid.cnf.xz,0,0,0,0,0
cnf_proj/sp4-33-one-nons-flat-noid.cnf.xz,0,0,0,0,0
cnf_proj/sp4-33-one-stri-tree-noid.cnf.xz,0,0,0,0,0
cnf_proj/sp4-33-una-stri-flat-noid.cnf.xz,0,0,0,0,0
cnf_proj/sp5-21-15-bin-stri-flat-noid.cnf.xz,0,0,0,0,0
cnf_proj/sp5-21-15-bin-stri-tree-noid.cnf.xz,0,0,0,0,0
cnf_proj/sp5-21-15-one-nons-tree-noid.cnf.xz,0,0,0,0,0
cnf_proj/sp5-21-15-one-stri-tree-noid.cnf.xz,0,0,0,0,0
cnf_proj/sp5-21-15-una-nons-tree-noid.cnf.xz,0,0,0,0,0
cnf_proj/sp5-21-15-una-stri-flat-noid.cnf.xz,0,0,0,0,0
cnf_proj/sp5-26-19-bin-nons-tree-noid.cnf.xz,0,0,0,0,0
cnf_proj/sp5-26-19-bin-stri-flat-noid.cnf.xz,0,0,0,0,0
cnf_proj/sp5-26-19-una-nons-tree-noid.cnf.xz,0,0,0,0,0
cnf_proj/spg_200_300.cnf.xz,7970,453,52271,60245,29346
cnf_proj/spg_200_301.cnf.xz,4999,0,42765,60100,29802
cnf_proj/spg_200_307.cnf.xz,5199,0,43392,61094,30602
cnf_proj/spg_200_316.cnf.xz,6981,40,48649,63237,31360
cnf_proj/spg_200_317.cnf.xz,9279,12116,68856,63824,19409
cnf_proj/spg_200_321.cnf.xz,5399,0,45393,63880,31802
cnf_proj/spg_300_300.cnf.xz,9196,264,66274,90153,44436
cnf_proj/spg_300_301.cnf.xz,14514,3384,122922,90910,41319
cnf_proj/spg_300_312.cnf.xz,8680,215,67189,93669,46282
cnf_proj/spg_330_400.cnf.xz,12267,28,93745,132070,65642
cnf_proj/spg_400_281.cnf.xz,14659,30748,91402,112350,24855
cnf_proj/spg_420_280.cnf.xz,14628,4,87048,117539,58376
cnf_proj/spg_420_350.cnf.xz,11759,1,103313,147071,73501
cnf_proj/stb_531_83.apx_0.cnf.xz,0,0,0,705,0
cnf_proj/stb_792_333.apx_0.cnf.xz,2,0,0,1338,0
cnf_proj/sted12a_0x1e1-67.cnf.xz,0,0,276,0,0
cnf_proj/sted1_0x0-380.cnf.xz,0,0,0,840,0
cnf_proj/sted1_0x0-637.cnf.xz,0,0,9,630,0
cnf_proj/sted1_0x1e3-393.cnf.xz,0,0,27,0,3
cnf_proj/sted2_0x0-343.cnf.xz,0,0,0,342,0
cnf_proj/sted2_0x1e3-216.cnf.xz,0,0,128,0,4
cnf_proj/sted3_0x0_n201-239.cnf.xz,0,0,104,10279,0
cnf_proj/sted4_0x0_n159-185.cnf.xz,0,0,82,6411,0
cnf_proj/sted5_0x0_n90-157.cnf.xz,0,0,75,5367,0
cnf_proj/sted5_0x1e3-120.cnf.xz,0,0,77,0,1
cnf_proj/sted5_0x1e3-20.cnf.xz,0,0,735,0,0
cnf_proj/sted5_0x24204-70.cnf.xz,0,0,0,180,0
cnf_proj/sted6_0x1e3-97.cnf.xz,0,0,126,0,0
cnf_proj/string_compare_safety_cbmc_unwinding_600.cnf.xz,24263,45676,184983,230118,1158672
cnf_proj/string_compare_safety_cbmc_unwinding_630.cnf.xz,25223,47866,193889,241294,1214711
cnf_proj/string_compare_safety_cbmc_unwinding_670.cnf.xz,26503,50786,205771,255662,1289431
cnf_proj/string_compare_safety_cbmc_unwinding_680.cnf.xz,26823,51516,208745,259270,1308112
cnf_proj/string_compare_safety_cbmc_unwinding_690.cnf.xz,27143,52246,211711,263046,1326792
cnf_proj/string_compare_safety_cbmc_unwinding_700.cnf.xz,27463,52976,214685,266606,1345472
cnf_proj/string_compare_safety_cbmc_unwinding_730.cnf.xz,28423,55166,223595,277414,1401512
cnf_proj/string_compare_safety_cbmc_unwinding_780.cnf.xz,30023,58816,238445,296270,1494912
cnf_proj/string_compare_safety_cbmc_unwinding_800.cnf.xz,30663,60276,244383,303526,1532271
cnf_proj/string_compare_safety_cbmc_unwinding_870.cnf.xz,32903,65386,265175,328814,1663032
cnf_proj/string_compare_safety_cbmc_unwinding_900.cnf.xz,33863,67576,274085,340014,1719071
cnf_proj/string_compare_safety_cbmc_unwinding_930.cnf.xz,34823,69766,282995,350822,1775112
cnf_proj/string_compare_safety_cbmc_unwinding_940.cnf.xz,35143,70496,285969,354382,1793791
cnf_proj/sum_of_3_cubes_108_bits_52.cnf.xz,1826,944,0,43590,50274
cnf_proj/sum_of_3_cubes_145_bits_74.cnf.xz,2446,1280,0,79290,92052
cnf_proj/sum_of_3_cubes_37_bits_87.cnf.xz,609,308,1,5256,5544
cnf_proj/sum_of_3_cubes_42_bits_96.cnf.xz,704,350,0,6564,7110
cnf_proj/sum_of_3_cubes_50_bits_91.cnf.xz,840,422,0,9312,10254
cnf_proj/sum_of_3_cubes_51_bits_80.cnf.xz,848,434,0,9918,10836
cnf_proj/sum_of_3_cubes_52_bits_39.cnf.xz,874,440,0,10074,11130
cnf_proj/sum_of_3_cubes_76_bits_84.cnf.xz,1282,656,0,21558,24450
cnf_proj/sum_of_3_cubes_87_bits_75.cnf.xz,1460,758,0,28656,32544
cnf_proj/sum_of_3_cubes_94_bits_30.cnf.xz,1588,818,0,33006,37842
cnf_proj/test_v7_r12_vr1_c1_s10576.smt2.cnf.xz,0,84500,1731,406097,39292
cnf_proj/toughsat_factoring_426s.cnf.xz,0,23,1,693,634
cnf_proj/toughsat_factoring_895s.cnf.xz,0,23,1,693,634
cnf_proj/uum32.smt2.cnf.xz,0,146,34,21142,5115
cnf_proj/vlsat2_111_1186.cnf.xz,0,0,0,0,0
cnf_proj/vlsat2_112_4223.cnf.xz,0,0,0,0,0
cnf_proj/vlsat2_113_1150.cnf.xz,0,0,0,0,0
cnf_proj/vlsat2_11_26.cnf.xz,0,0,0,0,0
cnf_proj/vlsat2_11_42.cnf.xz,0,0,0,0,0
cnf_proj/vlsat2_142_6781.cnf.xz,0,0,0,0,0
cnf_proj/vlsat2_144_7585.cnf.xz,0,0,0,0,0
cnf_proj/vlsat2_29736_3780419.dimacs.cnf.xz,0,0,0,0,0
cnf_proj/vlsat2_37758_5364539.dimacs.cnf.xz,0,0,0,0,0
cnf_proj/vlsat2_44_545.cnf.xz,0,0,0,0,0
cnf_proj/vlsat2_51_824.cnf.xz,0,0,0,0,0
cnf_proj/vlsat2_56_1042.cnf.xz,0,0,0,0,0
cnf_proj/vlsat2_702_14170.cnf.xz,0,0,0,0,0
